word,count
اسنپ,1136
سفارش,644
نون,477
دادم,372
اسنپ فود,370
گرفتم,354
کردم,281
بگیرم,254
زنگ,213
ساعت,212
تومن,209
گفتم,191
مارکت,189
شیرینی,188
رفتم,187
برم,182
خونه,170
خریدم,169
راننده,148
مغازه,142
خرید,133
زدم,125
پیک,121
بخرم,119
فروشگاه,118
تخفیف,117
بستنی,114
پول,109
دقیقه,108
خودم,103
سوپر,101
دیدم,100
میگه,99
گرفتن,95
شدم,94
سوپرمارکت,92
سر,89
صبح,89
غذا,88
دارم,88
بدم,87
روز,87
شیر,86
کار,83
واسه,83
وقتی,79
میدم,79
ماشین,79
شب,78
میکنم,75
برام,74
بیرون,74
می,71
واقعا,71
تحویل,70
داشتم,69
؛,69
استفاده,69
سوپری,69
خب,67
اومدم,67
یکی,66
چی,66
مرغ,66
گوشت,66
ای,65
ماست,65
حالا,65
پشتیبانی,64
اومد,64
اینکه,63
کردن,61
هزار,61
پیاده,61
نداره,60
زد,60
نمیشه,60
منم,60
باز,60
یعنی,59
بخر,59
زده,59
بهم,58
بودم,55
کرده,55
همون,54
وسط,53
#اسنپ,53
ی,52
ک,52
زدن,51
بده,51
سه,50
میخرم,50
کنسل,49
میرم,49
@snappfood,49
خوب,48
دیروز,48
گرفتیم,48
سنگک,48
بسته,46
میگم,46
شکلات,46
دم,46
پنیر,46
نیم,45
#اسنپ فود,45
ارسال,45
تماس,45
قیمت,45
فکر,45
میوه,45
خانومم,45
کلی,44
نان,44
هوس,44
تخم,44
حتی,43
درست,43
ندارم,43
برگشت,43
کم,43
بدن,43
کن,43
دلم,42
کد,41
سوار,41
ازش,40
برو,40
چیپس,39
دوتا,39
پیدا,39
ببخشید,39
اصلا,38
کنه,38
بتونم,38
بشه,38
منو,38
فروشی,37
دوباره,37
حال,37
۱۰,37
هزینه,37
اینا,37
گوشی,37
راحت,37
پرداخت,36
وضعیت,36
"""",36
دست,35
پیگیری,35
جای,35
رستوران,35
بهش,35
تر,35
دارن,35
بیاره,35
هایپر,34
دادیم,34
نونوایی,34
کلا,34
گفتن,34
خونمون,34
طرف,33
اینجا,33
آب,33
جعبه,33
بخورم,33
براش,33
دیشب,32
برا,32
خودش,32
میگن,32
بیشتر,32
۲,32
بزنم,32
مسیر,32
آقا,31
خوردم,31
ماه,31
همیشه,31
بیاد,31
هی,31
هیچی,31
نداشتم,30
وقت,30
دور,30
دستم,30
۱۲۰,30
قشنگ,30
روی,30
دستمال,30
زیر,29
نداریم,29
بگیر,29
ازشون,29
کیک,29
پشت,29
میدن,29
داری,29
مناسب,29
میکنه,28
میاد,28
برات,28
اولین,28
بریم,28
پایین,28
۴,28
۲۰,28
ثبت,28
موقع,28
قهوه,28
وای,28
بچه,28
چای,28
مالیم,28
حساب,27
اومده,27
اسنپ اکسپرس,27
کوچه,27
میخوام,27
کرده_بود,27
پیتزا,27
اونجا,27
مشتری,27
بیا,27
جنسو,27
دقیقا,26
تاکسی,26
خیابون,26
بیام,26
بگم,26
مثلا,26
درصدیه,26
تموم,25
کنن,25
میکنن,25
لغو,25
گذاشتم,25
سرویس,25
هفته,25
چیه,25
خریدن,25
شهر,25
کیلو,25
خدا,25
میده,25
کردیم,25
۵,25
خواستم,25
بابا,25
پولیم,25
هرچی,24
کنار,24
امشب,24
مگه,24
خلاصه,24
نداشت,24
خانم,24
دیجی,24
۱۵,24
میام,24
خانوم,24
دیرتون,24
خنده,23
مورد,23
قرار,23
دونه,23
بره,23
کنی,23
کنیم,23
جایی,23
کالا,23
میخواستم,23
آنلاین,22
تجربه,22
تاخیر,22
۳۰,22
منتظر,22
یکم,22
اونم,22
کرایه,22
یادم,22
زیاد,22
رسید,22
کتاب,22
میگفت,22
بعدش,22
تهران,22
رسیدم,22
باشین,22
بخریم,22
یاد,22
خیابونه,22
مونده,21
شاید,21
نمیدونم,21
نشد,21
ببینم,21
کرونا,21
میکردم,21
سیگار,21
زندگی,21
۴۰,20
فرستادن,20
دوست,20
نگاه,20
گرم,20
افتاد,20
سال,20
کاری,20
۳,20
بد,20
فلان,20
/,20
لباس,20
مجبور,20
انتخاب,20
گریه,20
برگشتم,19
میگیرم,19
سریع,19
انقد,19
فردا,19
بربری,19
رفتیم,19
۱,19
حداقل,19
نمی,19
کل,19
اینه,19
صف,19
کافه,19
انجام,19
آدم,19
خوبه,19
کارت,19
حس,18
پفک,18
شرکت,18
هوا,18
اینترنتی,18
مامانم,18
خودت,18
۵۰,18
موتور,18
خوردن,18
«,18
داریم,18
اشتباه,18
آدرس,18
خورد,18
عکس,18
جلو,18
حرف,18
روزی,18
بخرن,18
یهو,17
تومان,17
محل,17
برامون,17
ساندویچ,17
دار,17
درصد,17
انقدر,17
برگردم,17
نوار,17
میزنه,17
»,17
میاره,17
گل,17
10,17
اپ,17
ماهی,17
چک,17
میشی,17
سفارشم,16
می‌کنه,16
میگیره,16
زود,16
ندارن,16
نمیتونم,16
داخل,16
اضافه,16
شام,16
نزدیک,16
یارو,16
مشکل,16
برنامه,16
خانواده,16
بازم,16
بزن,16
قبول,16
آخه,16
مقصد,16
آقای,16
میزنم,16
والا,16
خاطر,16
خودشون,16
شروع,16
نشستم,16
مرد,16
باکس,16
مترو,16
آوردن,15
نوشابه,15
نکردم,15
خوراکی,15
ظهر,15
آخر,15
خراب,15
نرسیده,15
فهمیدم,15
داغ,15
گرون,15
گذشته,15
بهشون,15
جواب,15
تومنی,15
تلفن,15
خواب,15
دفعه,15
حتما,15
شماره,15
اس,15
براتون,15
پسر,15
بخاطر,15
کشید,15
اینجوری,15
کاش,15
اینقدر,15
بابام,15
برق,15
میشم,15
بندی,14
گیر,14
قنادی,14
فرستاد,14
#اسنپ_مارکت,14
جنس,14
حدود,14
خوبی,14
بجای,14
نوشته,14
سرد,14
قلم,14
؟؟,14
چقدر,14
زن,14
میداد,14
فاصله,14
می‌کنم,14
بشم,14
سفر,14
شه,14
تومنه,14
سیب,14
آماده,14
سیستم,14
تقریبا,14
نوشتم,14
همچین,14
طول,14
تصمیم,14
تن,14
لحظه,14
ازم,14
بقیه,14
نوشیدنی,14
چیکار,14
میخواد,14
میره,14
میکرد,14
حاملس,14
مپ,14
۸,13
پای,13
حضوری,13
حالی,13
اعتبار,13
داشتیم,13
کیف,13
۱۲,13
دیر,13
اسم,13
بعضی,13
غذای,13
کباب,13
سری,13
ترین,13
نفر,13
متاسفانه,13
@Snapp_Team,13
درخواست,13
رفتن,13
روشن,13
آخرش,13
تایید,13
برسه,13
ساعته,13
میشد,13
سبد,13
مبلغ,13
شده_بود,13
دلستر,13
دلیل,13
سگ,13
مملکت,13
می‌دم,13
۲۰۰,13
پولی,13
روش,13
گف,13
شم,13
ناهار,12
میرسه,12
بفرستم,12
خورده,12
بابت,12
۱۰۰,12
سیر,12
ملت,12
کردی,12
جمع,12
اخر,12
نمیکنم,12
کیسه,12
عنوان,12
ساده,12
بازی,12
نیستم,12
سمت,12
میلیون,12
فوری,12
نداری,12
میکنیم,12
خوش,12
میتونم,12
ایران,12
قسمت,12
خدمات,12
لقمه,12
روغن,12
اب,12
خرج,12
يه,12
بازار,12
پر,12
آخرین,12
باشم,12
چقد,12
بهتر,12
اصن,12
موتوری,12
توقف,12
میخرن,12
اعلام,11
باهم,11
رد,11
پاک,11
چندتا,11
استرس,11
۶,11
یدونه,11
بیار,11
مامان,11
تنقلات,11
۱۱,11
نظر,11
بهترین,11
خالی,11
توش,11
دیجیکالا,11
بری,11
پولم,11
میدیم,11
عذرخواهی,11
بگیری,11
دانشگاه,11
جوری,11
سرکار,11
بیدار,11
زمینی,11
میارن,11
انتظار,11
ب,11
نظرم,11
بذار,11
زمان,11
پدر,11
کدوم,11
کاغذی,11
صحبت,11
کیلویی,11
بودیم,11
اونا,11
همش,11
بگیره,11
‌,11
شکایت,11
داداش,11
بدو,11
هستن,11
قدم,11
پراید,11
عصر,10
جمعه,10
3,10
فحش,10
شدیم,10
حوصله,10
امکان,10
فیلم,10
عوض,10
دوستم,10
لوازم,10
بهداشتی,10
۶۰,10
غذایی,10
بسیار,10
همینه,10
احساس,10
نباشه,10
بیارن,10
سی,10
بیست,10
۷,10
کمتر,10
پیام,10
هتل,10
ببین,10
صبر,10
خواهرم,10
صد,10
می‌خوام,10
هاش,10
بزرگ,10
بخش,10
چیزا,10
امتیاز,10
اوضاع,10
تعریف,10
لیست,10
بیارم,10
هستم,10
دنبال,10
برابر,10
شارژ,10
زده_بود,10
نیومد,10
دختر,10
قارچ,10
وسایل,10
نهایت,10
دارید,10
حد,10
گوشیم,10
دکتر,10
درد,10
موندم,10
راضی,10
میخوای,10
میخوره,9
۹,9
اسنپم,9
الکی,9
نصف,9
سفارشمو,9
پسره,9
لواش,9
هشت,9
عزیز,9
ادرس,9
دوستام,9
هات,9
خاک,9
لذت,9
برنج,9
گوجه,9
عین,9
اسنپ‌فود,9
چهل,9
کنسرو,9
غیر,9
نداد,9
مخصوص,9
ن,9
تاریخ,9
خوردیم,9
سالاد,9
انگار,9
اینو,9
پرت,9
خشک,9
وارد,9
بردن,9
زندگیم,9
حالم,9
فرستاده,9
پاشدم,9
بدی,9
|,9
قراره,9
خامه,9
اخه,9
مادر,9
سوپرمارکتی,9
زحمت,9
امتحان,9
کامل,9
پولش,9
فروشنده,9
افتادم,9
صندلی,9
واسم,9
صفحه,9
میرفتم,9
بگو,9
توییت,9
جون,9
روزه,9
ديگه,9
امیدوارم,9
اینم,9
موجود,9
حسابم,9
۲۵,9
بردم,9
بخوریم,9
تپسی,9
نصفه,9
تست,9
نگه,9
بین,9
واست,9
تونستم,9
کیفیت,9
حلال,9
حقوق,9
توروخدا,9
گاهی,9
ماسک,9
میکنی,9
جلوی,9
هماهنگ,8
سعی,8
کاملا,8
حرکت,8
فاکتور,8
خارج,8
سس,8
اسنپی,8
پاشو,8
معطل,8
خوشمزه,8
شکر,8
رایگان,8
باعث,8
قبلا,8
۸۰,8
جور,8
خر,8
بیش,8
دوستان,8
براشون,8
طریق,8
بفرستیم,8
پ,8
دارو,8
نشه,8
جاش,8
زدیم,8
بدیم,8
هزارتومن,8
نداشته,8
پشتیبان,8
بکنم,8
نمیکنه,8
ست,8
نمیاد,8
ببره,8
نوبت,8
صبحانه,8
ته,8
ازین,8
موارد,8
کاکائو,8
وضع,8
می‌شه,8
کرده_بودم,8
شون,8
4,8
نکنه,8
بارون,8
اجازه,8
خودتون,8
۴۵,8
عادت,8
فرستادم,8
جت,8
نرفتم,8
بهتون,8
دوره,8
نمی‌دونم,8
مصرف,8
کوبیده,8
تیکه,8
نشون,8
=,8
صورت,8
بفرست,8
شرایط,8
نگم,8
نتیجه,8
حجم,8
گرفتند,8
نیس,8
اونی,8
وگرنه,8
کولر,8
۷۰,8
فشار,8
بنزین,8
بیمارستان,8
درس,8
مسافر,8
ساله,8
اتوبوس,8
مجبورم,8
اسنپیه,8
سبزی,8
بعدشم,7
سفارشو,7
کسب,7
میری,7
سراغ,7
کارم,7
واریز,7
اطلاع,7
اتفاقی,7
؟؟؟,7
محدوده,7
متوجه,7
دیقه,7
سوال,7
مهم,7
جان,7
افتضاح,7
کله,7
اشتباهی,7
بخور,7
شیشه,7
حقیقتا,7
جدیدا,7
افتاده,7
نونی,7
سوسیس,7
پولشو,7
پارک,7
خام,7
دوبار,7
بدین,7
سلام,7
پیکش,7
!!!!,7
مرجوع,7
تعداد,7
جایگزین,7
باش,7
بخری,7
توضیح,7
توجه,7
میدادم,7
گشادی,7
سطح,7
اطراف,7
خوشحال,7
آیس,7
چرت,7
خاصی,7
غلط,7
وجود,7
خبری,7
مشکلی,7
اقا,7
توضیحات,7
می‌کنیم,7
لازم,7
نهار,7
حل,7
بسته_بود,7
استار,7
خدایا,7
۳۵,7
مسخره,7
بدبخت,7
کون,7
ندادن,7
كوچه,7
خودمون,7
دعوا,7
فود,7
هدیه,7
بمونه,7
مزه,7
هام,7
ترجیح,7
دید,7
بخوره,7
گفتند,7
اشتراک,7
طبق,7
منتظرم,7
میخورم,7
بلند,7
کامنت,7
دوس,7
وزن,7
فعلا,7
فک,7
بکشم,7
کنین,7
كار,7
میومد,7
کره,7
داروخانه,7
هایی,7
2,7
میرن,7
خریدیم,7
م,7
اونور,7
شنبه,7
کننده,7
بزنیم,7
سفیده,7
موز,7
می‌گفت,7
اندازه,7
میکنید,7
شلوار,7
می‌خرم,7
بغل,7
یکیش,7
نکن,7
سرم,7
خون,7
اقلام,7
مالیات,7
اکالا,7
داده_بودم,6
ادم,6
کیر,6
تاحالا,6
یکبار,6
بجاش,6
معلوم,6
حدودا,6
مهمون,6
شرمنده,6
باهاش,6
باگت,6
ارزون,6
شیفت,6
#اسنپ اکسپرس,6
یکساعت,6
نیومده,6
20,6
گردن,6
ديدم,6
بزار,6
میفرستیم,6
نرم,6
بخوام,6
ثانیه,6
وی,6
عید,6
پاچه,6
همبرگر,6
هارو,6
بهونه,6
درب,6
داگ,6
بگه,6
همسایه,6
مال,6
پست,6
شانس,6
بفرستن,6
اینارو,6
درسته,6
@ExpressSnapp,6
گم,6
کف,6
صندوق,6
عقب,6
پولمو,6
مهمونی,6
شغل,6
گشنه,6
ادامه,6
اورد,6
عجیب,6
بدید,6
بلیط,6
محله,6
چندبار,6
هویج,6
گفتیم,6
نرسید,6
دریافت,6
ندادم,6
مواد,6
اونایی,6
موجودی,6
قیمتش,6
خوابیدم,6
سرت,6
ریختم,6
پخت,6
اصفهان,6
عجیبه,6
دوغ,6
تروخدا,6
نکرده,6
مریض,6
عزیزم,6
اسنپ فودم,6
رسیدن,6
ریخت,6
باری,6
پیامک,6
عجله,6
اپلیکیشن,6
منفی,6
اینطوری,6
خسته,6
گه,6
می‌کردم,6
اوکی,6
علی,6
تلاش,6
نونش,6
نداشتیم,6
ربع,6
پا,6
گذاشتن,6
بالاخره,6
قطع,6
اکسپرس,6
پیکی,6
خانه,6
بحث,6
مث,6
میگی,6
مدت,6
افق,6
ول,6
مزخرف,6
پاکت,6
یخچال,6
آخ,6
بعدی,6
مشابه,6
چت,6
تلفنی,6
دوران,6
توییتر,6
شيريني,6
ینی,6
تفاوت,6
چجوری,6
لطفا,6
برند,6
سوپ,6
چنتا,6
تورو,6
نداشتن,6
سخت,6
ترس,6
طرح,6
بگیریم,6
برگردیم,6
داستان,6
بزنه,6
هیچوقت,6
ناراحت,6
عالمه,6
می‌گه,6
ایرانی,6
آروم,6
برن,6
وقته,6
فروش,6
کمی,6
وا,6
میریم,6
اینترنت,6
پی,6
یبار,6
کمک,6
برمیگشتم,6
اسنپ‌,6
میتونی,6
اومدن,6
وسیله,6
مدل,6
کرج,6
نگا,6
طولانی,6
۲۰۶,6
خاموش,6
نمی‌تونم,6
کلاس,6
حامله,6
داشته_باشم,6
بخره,6
دختره,6
نیمه,5
هربار,5
پشیمون,5
اعصاب,5
۲۴,5
میز,5
نوشته_بود,5
حذف,5
بستن,5
رفیقم,5
+,5
فلفل,5
میبینم,5
نمی‌خواد,5
نوش,5
خامه‌ای,5
طبقه,5
نسبت,5
اعتراض,5
بکش,5
بگیرید,5
خوشحالم,5
پریود,5
اتفاق,5
واحد,5
نمیده,5
تولدم,5
قیمتا,5
خط,5
میان,5
دزدی,5
اولش,5
بنده,5
لوبیا,5
معمولا,5
صورتی,5
نمیتونه,5
هنوزم,5
همینطور,5
کجای,5
مرکز,5
پز,5
بزنید,5
پک,5
شکسته,5
12,5
مشت,5
اره,5
بیداد,5
آشغال,5
نمیتونی,5
معدنی,5
اتفاقا,5
میل,5
شی,5
میزد,5
برگردوندن,5
جالب,5
کوچیک,5
جبران,5
میدی,5
موبایل,5
کنارش,5
اورده,5
سفارشتون,5
نمیخوام,5
وافل,5
صبونه,5
اولا,5
گاز,5
الانم,5
بدترین,5
ماركت,5
۶۵,5
دستت,5
زودتر,5
چیزو,5
همسرم,5
آبمیوه,5
بدبختی,5
لغوش,5
لیوان,5
داده_بود,5
حلیم,5
بعداز,5
کمه,5
چسب,5
بالاتر,5
آوردم,5
تهش,5
بفرمایید,5
توو,5
سیرابی,5
کشور,5
نمیشد,5
گزینه,5
می‌خواستم,5
میرفت,5
نوع,5
گیرم,5
موفق,5
پارسال,5
ولي,5
خیار,5
گران,5
هدف,5
داشتی,5
بزنی,5
اخ,5
ببرم,5
دیده,5
نیاز,5
مشکی,5
بودی,5
اخلاقی,5
سوپري,5
بیات,5
باشید,5
بگن,5
امروزم,5
واسش,5
آهنگ,5
چشم,5
تی,5
فرداش,5
سخته,5
بلد,5
سبزیجات,5
حالت,5
باشن,5
بشینم,5
میدونم,5
اقتصادی,5
محصول,5
میتونه,5
زور,5
سود,5
دل,5
کسایی,5
گرمی,5
بیاید,5
هستش,5
توان,5
اجاره,5
اوردم,5
نکنم,5
گرونه,5
نبودن,5
آجر,5
معمولی,5
کیلومتر,5
مقایسه,5
ممکنه,5
میشن,5
کفش,5
پنجاه,5
جدی,5
بستم,5
پخش,5
همینقدر,5
دیرم,5
گربه,5
پلاستیک,5
زدی,5
تشکر,5
نباید,5
دلیلی,5
خانمم,5
ببر,5
سفید,5
ميكنه,5
پنجره,5
سو,5
30,5
تعارف,5
هوای,5
استراحت,5
تبلیغ,5
میزنن,5
میشناسم,5
چادری,5
می‌خرن,5
پولشم,4
گوه,4
فایده,4
زیرش,4
کالای,4
نوشت,4
بوی,4
نشدم,4
آسانسور,4
ریخته_بود,4
شوخی,4
بفهمه,4
ازت,4
اوج,4
گشنگی,4
تنبل,4
چطوری,4
شال,4
کادو,4
؟!!!,4
طبیعیه,4
هالوپینو,4
موتورم,4
پزشک,4
سهم,4
ماشینش,4
چیلی,4
کوتاه,4
ذوق,4
ایجاد,4
کنجدی,4
واقعیت,4
ساعتم,4
فرمودن,4
نمی‌کنم,4
۵۲,4
شدت,4
ضعف,4
داغون,4
شو,4
تامین,4
فراموش,4
نکردن,4
متوسط,4
بخوری,4
ش,4
بسته‌بندی,4
مکالمه,4
عمرم,4
ترکی,4
خو,4
بخورید,4
عرض,4
دستتون,4
راحتی,4
گشتن,4
اینقد,4
شکلاتی,4
اوردن,4
نکرد,4
مشهد,4
اصرار,4
عوضش,4
سیخ,4
موسیر,4
خداروشکر,4
مرده,4
خبر,4
خستگی,4
گوش,4
یادمه,4
جوجه,4
واقع,4
پریشب,4
نانوایی,4
میخوان,4
دروغ,4
ایشون,4
نتونستم,4
بارها,4
تصور,4
بهت,4
خوابگاه,4
عکسش,4
املت,4
تومانی,4
۱.,4
پارتی,4
چایی,4
موند,4
پرس,4
شبیه,4
زخمی,4
نوتلا,4
میخواست,4
کالباس,4
نشستیم,4
نمیرم,4
ریدم,4
مالی,4
مو,4
شوهرم,4
همو,4
مجانی,4
زمانی,4
می‌خریدم,4
متری,4
خونشون,4
گذاشت,4
ساختمون,4
تره,4
گنده,4
کوچولو,4
سرچ,4
جدیده,4
پیگیر,4
می‌شد,4
مقدار,4
بالایی,4
خبره,4
برداشتم,4
فوتبال,4
خونتون,4
گرونی,4
رو‌,4
حاضر,4
تافتون,4
گزارش,4
رفتار,4
دردم,4
بذارم,4
قطعا,4
رفته_بود,4
کوروش,4
میگفتم,4
دارین,4
نفرستاده,4
گذاشته_بود,4
بالای,4
رعایت,4
شر,4
مجددا,4
مستقیم,4
صبحونه,4
لعنت,4
همراه,4
پیغام,4
باقلوا,4
احترام,4
دیدیم,4
چارتا,4
کلاه,4
مشخص,4
فاجعه,4
چشمم,4
کلاب,4
تهشم,4
بنویسم,4
مارکتتون,4
عذاب,4
وجدان,4
غر,4
عدد,4
برش,4
عذر,4
برده,4
اخیرا,4
دعوام,4
مواقع,4
کثافت,4
گرسنگی,4
شاکی,4
میکنین,4
سرخ,4
نمیره,4
دقه,4
۳۰۰,4
برخورد,4
ميگه,4
خيلي,4
اسنپه,4
رایگانه,4
لااقل,4
مجموعه,4
بیخیال,4
سحر,4
بگید,4
اینگونه,4
افطار,4
شير,4
خریدام,4
گذشت,4
مرگ,4
اعصابم,4
قبلی,4
بگيرم,4
اینها,4
رفته_بودم,4
واستون,4
سفارشی,4
بذاره,4
میذاره,4
ترسیدم,4
میگیرن,4
دستشویی,4
امام,4
روزانه,4
نچ,4
برسم,4
ناچار,4
فرصت,4
رمز,4
عصبانی,4
وعده,4
زنده,4
مرحله,4
بخواد,4
خیال,4
کمال,4
آژانس,4
می‌شم,4
مشغول,4
وایسادن,4
بینم,4
بیشتره,4
الله,4
زشته,4
عالیه,4
خیابان,4
نیستن,4
استوری,4
منی,4
//takhfifhot,4
ببینن,4
شلوغ,4
پارکینگ,4
گرما,4
فرودگاه,4
غذاها,4
دسته,4
میبرم,4
صرفه,4
فرنگی,4
گلی,4
بپوشم,4
۵۰۰,4
برگشتنی,4
صدا,4
حمل,4
دولت,4
۱۸,4
شارژر,4
پاره,4
پامو,4
نشسته,4
فرش,4
سرمایه,4
زیاده,4
لاب,4
اوبر,4
قدر,4
شیرین,4
تعطیل,4
هزارتومان,4
ویژه,4
یچی,4
خریده,4
قضیه,4
بهتره,4
چشمام,4
پسرش,4
ت,4
بابای,4
گاو,4
شیک,4
نظرات,4
زیبا,4
گرمه,4
گشتم,4
۲۸,4
میبینید,4
فهمید,4
پدرم,4
نمیرسه,4
جریان,4
دخترم,4
بعضیا,4
دراوردن,4
متفاوته,4
تون,4
روم,4
دخترش,4
وایسا,4
باهام,4
دنبالم,4
شدید,4
پله,4
کشیدم,4
پرسیدم,4
میزدم,4
عادی,4
شماها,4
عسل,4
فرار,4
ممنونم,4
نمیارن,4
شعر,4
بقالی,4
شمالی,4
نخوردم,4
کجاس,4
میمونه,4
رسیدیم,4
شهرستانی,4
حواستون,4
نگرفت,4
ممنون,4
اطلاعات,4
گرفتی,4
پشمام,4
میرید,4
سرش,4
برید,4
50,4
پسرک,4
دی,4
عجب,4
پینکت,4
عصری,3
وایسادم,3
کاریش,3
ارور,3
یخ,3
تصویر,3
مین,3
رولت,3
سلامتی,3
سزار,3
جالبه,3
می‌زنه,3
سبوس,3
آرد,3
میرسم,3
بسمت,3
پيتزا,3
١,3
آیفون,3
برمیدارم,3
قزوین,3
جلوش,3
بابابزرگم,3
چنین,3
کوچمون,3
هزاران,3
خجالت,3
هردو,3
مشخصه,3
خوشم,3
عقل,3
خرابه,3
سرباز,3
اوکیه,3
جاها,3
150,3
بخشی,3
عمومی,3
بکنن,3
می‌کرد,3
لطف,3
فارسی,3
کاله,3
حسرت,3
امسال,3
تلخی,3
دوازده,3
وسطش,3
بادمجون,3
دلمه,3
دومی,3
تجربه‌ی,3
کوچک,3
تایم,3
نیاوردن,3
دستور,3
خیلییی,3
موضوع,3
قدرت,3
دهن,3
@SnappMarket,3
خفه,3
شرف,3
امنیت,3
سن,3
پلاستیکی,3
صاحب,3
آی,3
موقعیت,3
آزاد,3
نشستن,3
هوایی,3
عمل,3
طی,3
کشی,3
پاسخ,3
رزرو,3
اهمیت,3
نفره,3
انحصار,3
نیاورد,3
خسارت,3
چلو,3
زیتون,3
اماده,3
فست,3
میذارم,3
کودک,3
میتونیم,3
خرت,3
چیزایی,3
جدیدی,3
تخت,3
لاکتوز,3
@SnappSupport,3
قیمت‌ها,3
منزل,3
احمق,3
نمیگیرم,3
دنبه,3
تنهایی,3
اشک,3
باکری,3
بلوار,3
علاوه,3
اعتباری,3
منظورم,3
آمدم,3
اینجوریه,3
انلاین,3
قدیمی,3
5,3
گشنم,3
مفت,3
چسبید,3
رنگ,3
8,3
حدس,3
می‌کنن,3
شمال,3
دودی,3
گذشته_بود,3
گشنمه,3
اتاق,3
خونم,3
تیپ,3
قول,3
شبا,3
وجه,3
نکنید,3
احتمالا,3
آدامس,3
نيم,3
خريد,3
سید,3
پاسخگو,3
نیستید,3
خدایی,3
دردسر,3
زده_بودم,3
رسیدگی,3
نهایتا,3
بکشه,3
تعجب,3
لب,3
معنی,3
معروف,3
اکانتم,3
برگر,3
سوپرماركت,3
خریدامو,3
شبه,3
کردند,3
مدتهاست,3
شیرینی‌فروشی,3
لاته,3
اشاره,3
فرستاده_بود,3
اونو,3
نمیدم,3
خریدمو,3
ارتباط,3
اپراتور,3
ارزش,3
#رشتو,3
چهارراه,3
خودمو,3
میزنی,3
مجدد,3
شکل,3
کمپوت,3
مثال,3
نظرتون,3
پوشیدن,3
توجهی,3
کنسله,3
خدماتی,3
پارسا,3
مياد,3
#دیجیکالا,3
شاهد,3
بمونم,3
درجه,3
بماند,3
ارزون‌تر,3
عموم,3
جدید,3
خرم,3
فروشیه,3
گول,3
باروژ,3
غذام,3
منوی,3
جهت,3
تلف,3
نمیدونستم,3
زدند,3
بلافاصله,3
هروقت,3
بچه‌ها,3
واستاد,3
معمول,3
رایج,3
اخرشم,3
میدون,3
مغزم,3
فرمان,3
معتاد,3
حدی,3
ندیدم,3
کوه,3
وانیلی,3
ندارین,3
پپرونی,3
بفرستید,3
ماجرا,3
اونروز,3
اينجا,3
خوردنی,3
قورت,3
معذرت,3
بگین,3
زولبیا,3
بامیه,3
انواع,3
کشیده,3
خیر,3
تیشرت,3
سنگگ,3
دمش,3
سیب‌زمینی,3
صرفا,3
سبک,3
کیکم,3
قیمه,3
دیوار,3
شكلات,3
نمیخواد,3
لازمه,3
فلش,3
ديشب,3
ناموسا,3
ببینه,3
قطعه,3
فلانی,3
چ,3
برداره,3
ضدعفونی,3
چیزکیک,3
ذره,3
میخورن,3
مخصوصا,3
سایت,3
هیچکی,3
راهه,3
۲تا,3
درآمد,3
نمی‌خوام,3
دره,3
می‌رم,3
بغلی,3
همسر,3
برداری,3
می‌دیم,3
گور,3
ميدم,3
گوشیمو,3
شن,3
می‌گیرن,3
جوریه,3
روزم,3
گوشفیل,3
ضروری,3
ماهه,3
راستی,3
فریزر,3
زمستونی,3
بریده,3
1,3
رشت,3
35,3
#کرونا,3
نت,3
برقم,3
بیف,3
لاین,3
اداره,3
کیلومتری,3
برایش,3
گرونتر,3
نمیخوره,3
توت,3
شستم,3
وقتا,3
شیرکاکائو,3
رسوند,3
نسبتا,3
شکست,3
وام,3
برادر,3
زیرو,3
پوشک,3
بهمن,3
نقد,3
مسیری,3
پیراشکی,3
خفتم,3
مهربون,3
نگید,3
نرخ,3
درصدی,3
پیراهن,3
لیموزین,3
ارزونتر,3
راضیم,3
آرزو,3
خودشو,3
بدتر,3
برگرده,3
ولیعصر,3
کنسلش,3
میلیونی,3
بانک,3
رسیده,3
400,3
۶۰۰,3
نشم,3
تصویری,3
کلاسم,3
تلخ,3
بهتری,3
سوخت,3
خوشحالی,3
اونوقت,3
میگید,3
می‌خواد,3
میکشه,3
میگفتن,3
بهشت,3
صلوات,3
برد,3
ماشینو,3
افتاده_بود,3
نخورده,3
آفرین,3
تایی,3
امید,3
چیزای,3
هویچ,3
تره‌بار,3
نخریدم,3
مایع,3
تغییر,3
نمیومد,3
خاطره,3
فقیرانه,3
طوری,3
رژیم,3
رانندش,3
مشاهده,3
نونم,3
کارا,3
بکنه,3
شخصی,3
سینی,3
خریده_بود,3
ي,3
عیب,3
خرس,3
نمیدن,3
شبانه,3
حمله,3
کنکور,3
هستی,3
مسئولیت,3
تعویض,3
ربطی,3
پاساژ,3
اینور,3
ترمینال,3
همونجا,3
دستش,3
حراست,3
دهنم,3
وظیفه,3
بجا,3
نخود,3
حاملست,3
پیف,3
نیاوردم,3
حواسم,3
نیوفته,3
سکه,3
نمیگیره,3
فضای,3
دندون,3
شیم,3
امکانات,3
بسته_است,3
بخوابم,3
اسلایس,3
جاده,3
برگشتیم,3
جنسی,3
پاچم,3
پاسداران,3
رفاه,3
#اسنپ_باکس,3
عه,3
بارداره,3
همراهم,3
نمیتونستم,3
میای,3
ماکارونی,3
نون‌,3
کنارم,3
اخیر,3
همینجور,3
حساس,3
عده,3
۳تا,3
می‌رفتیم,3
اکس,3
مدرسه,3
حالش,3
بارم,3
گازو,3
اجبار,3
بلک,3
شنیدم,3
جرات,3
میومدم,3
خانمه,3
نکنن,3
لوکیشن,3
حسابی,3
بردارم,3
کوکی,3
آدما,3
عملا,3
زمین,3
مسائل,3
سرده,3
شیره,3
هه,3
رانندگی,3
ادما,3
کلمه,3
روزیه,3
نقشه,3
15,3
بریزم,3
واکسن,3
میخره,3
کورش,3
میدونی,3
اینستا,3
لاکچری,3
اینستاگرام,3
تنگ,3
وایسم,3
ببینید,3
کمر,3
باقی,3
موقعی,3
می‌تونم,3
پرسید,3
فایل,3
میگیریم,3
پاشم,3
پرینت,3
۸۰۰,3
تمرین,3
ضبط,3
اتوبان,3
دورتر,3
می‌شی,3
۹۸,3
مجبوره,3
تک,3
گمشو,3
حجاب,3
تکست,3
ربا,3
حجابت,3
-وقتی,3
خارجی,3
نصب,3
عیدی,3
ساقی,3
اساسی,3
دیجی‌کالا,3
ضرر,3
كنه,3
کتونی,3
شایدم,3
پونصد,3
ملی,3
کارهای,3
اعتماد,3
هزارتومنی,3
مردما,3
خاله,3
پیکه,2
ماستم,2
نمیدونه,2
بشدت,2
خوردی,2
ات,2
۲۲۰,2
گند,2
دربیاد,2
مغایر,2
بپرسن,2
چجوریه,2
مارکتی,2
بغلم,2
همکارم,2
دعوت,2
#ريتوييت_لطفا,2
میزان,2
نمیفهمم,2
چهارتا,2
فانتزی,2
تیر,2
امریکن,2
پوتیتو,2
بامداد,2
اینهمه,2
میاری,2
چنده,2
لابی,2
شماست,2
اومدنی,2
تنور,2
تله,2
شعبه,2
صادقيه,2
٣,2
تاپ,2
موهای,2
خودشم,2
برگاش,2
سنتی,2
دمتون,2
نکرده_بودم,2
مامان‌بزرگم,2
بی‌شعور,2
مسافرخونه,2
کردنم,2
اسانسور,2
پاستا,2
ریش,2
همزمان,2
مخالفت,2
نخورد,2
۹۰,2
بسته_ای,2
شاکیه,2
نونه,2
فرقی,2
مانتو,2
دومین,2
درک,2
کسشر,2
میبرن,2
تذکر,2
می‌دادم,2
اشانتیون,2
مقداری,2
مسموم,2
متخصص,2
شدی,2
نونا,2
نداده,2
پیرمرده,2
دیدی,2
ضایع,2
پریروز,2
بیکاری,2
برنگشته,2
سلیطه,2
عالی,2
دختری,2
شهروند,2
کیلی,2
مسيج,2
سالگرد,2
نبودی,2
روزهای,2
دهم,2
۹۱,2
#اسنپ_شاپ,2
پرید,2
یکیشو,2
کنسلی,2
تأخیر,2
دونه‌ای,2
اندکی,2
خریدها,2
آورده_بود,2
کوچکتر,2
یکیه,2
ایشالا,2
برسیم,2
سفرشون,2
۱۴۰۰,2
۸۵,2
#snap,2
شاپ,2
حکومت,2
پولو,2
میزنیم,2
۲۳,2
مهلت,2
نفرستن,2
میدونیم,2
اونکه,2
جناب,2
مشما,2
احوال,2
عوارض,2
بخرید,2
شعار,2
اعلا,2
هردفعه,2
۱۹,2
نمیکرد,2
حروم,2
کتل,2
خدماتشون,2
بقیشو,2
بخشیش,2
معطلی,2
می‌گیریم,2
سازی,2
کامنتا,2
مراحل,2
مغایرت,2
اهل,2
چیو,2
داده_شد,2
جگر,2
لذا,2
اسنک,2
نگرفتن,2
نتونستن,2
کسر,2
بگیرن,2
شهرهای,2
تعیین,2
اهواز,2
رستورانی,2
دستمون,2
وجودی,2
انحصاری,2
باشی,2
6,2
چپه,2
دسر,2
زبان,2
سرعت,2
ارائه,2
هرشب,2
موندیم,2
همراهش,2
آمریکانو,2
دادین,2
بفرستین,2
جیگر,2
مسئول,2
تف,2
اومدی,2
میگیری,2
کشیدن,2
عطر,2
خدمتتون,2
نگو,2
تعطیله,2
متره,2
جلب,2
بفروشن,2
بقيه,2
كنسل,2
لامصب,2
چك,2
دیدن,2
ریمل,2
قدمی,2
۸:۱۵,2
آرایشی,2
کاربریم,2
کیکی,2
مهمتر,2
منشن,2
پیداش,2
اسمش,2
سوپرمارکته,2
کسکش,2
گردونه,2
میخواین,2
آپدیت,2
تبریز,2
پیتزای,2
شامل,2
/۱,2
تولدش,2
آلمانی,2
برگشتن,2
همشون,2
پیک‌هات,2
برسونی,2
دستشون,2
می‌دن,2
چیزه,2
نتونست,2
نمیدیم,2
اکیه,2
توهین,2
مکان,2
برسونه,2
آماده‌سازیه,2
اغلب,2
پرچرب,2
میفرستاد,2
کتابو,2
کتابفروشی,2
اسمس,2
کبابی,2
عجیبی,2
می‌گردم,2
اقدام,2
والله,2
جوره,2
منصرف,2
می‌خواست,2
طرفی,2
ضعیف,2
موادش,2
پنبه,2
گردویی,2
کلینیک,2
نیاورده,2
غرب,2
محترمانه,2
اونقدر,2
حقوقمون,2
غذارو,2
بگیم,2
کردید,2
نتیجه‌ای,2
محدودیت,2
بندازه,2
فیو,2
۵۵,2
دقیقه‌ست,2
ساندویچی,2
اتفاقاتی,2
فروشگاها,2
گشاد,2
نمیخوامش,2
اینکار,2
له,2
روابط,2
قاشق,2
شکیبایی,2
میدید,2
دقيقه,2
گندم,2
سومین,2
خداحافظی,2
تویت,2
اشتهام,2
ترش,2
پلو,2
مادرم,2
کارو,2
۱۴,2
بندیش,2
شربت,2
بریز,2
بزرگم,2
باورم,2
توقع,2
زنجیره,2
نگرفتم,2
دایرکت,2
بخت,2
تارت,2
فوت,2
@weareoneEXO,2
@B_hundred_Hyun,2
@layzhang,2
تکمیل,2
اونجایی,2
سینا,2
Snapp,2
حمایت,2
سفارشت,2
فرستادیم,2
میدونستم,2
فیش,2
میخوندم,2
میذاشتم,2
جیب,2
نفهمیدیم,2
نمیام,2
سرويس,2
كيك,2
رسيد,2
كلي,2
باد,2
میگرده,2
بیخیالش,2
معایب,2
نرفت,2
بست,2
نکته,2
تحویلی,2
محتویات,2
می‌گرفتم,2
مارو,2
مودبانه,2
همچنین,2
پیکشون,2
حالیکه,2
گرمای,2
نگران,2
دوهفته,2
کاج,2
درستی,2
خل,2
آنقدر,2
میخواستیم,2
هرچیزی,2
مارکتش,2
زورم,2
اصلیم,2
نمکی,2
کور,2
مسکن,2
ادب,2
نصفش,2
بزنن,2
میندازه,2
3بار,2
//,2
صدای,2
گوشم,2
ممد,2
خوای,2
گویا,2
طبیعی,2
همینجوری,2
۲:۳۰,2
منطقه,2
هنگ,2
میخوابم,2
می‌رفتم,2
مسلمون,2
‌اسنپ,2
خواهر,2
زرد,2
خیارشور,2
۱۷۰,2
مردی,2
ناپلئوني,2
نداريم,2
؟؟؟؟؟؟؟,2
تخمه,2
عضو,2
پوشش,2
پاك,2
عطاری,2
ماندم,2
اسپرسو,2
چاقی,2
شرور,2
نیمرو,2
میزدی,2
لپ‌تاپ,2
دادی,2
اصلاح,2
سومی,2
وکیل,2
بیچاره,2
رمضون,2
گاتا,2
غلطی,2
تومنش,2
بلاک,2
جمله,2
باورتون,2
ناشناس,2
سرخ‌کردنی,2
آشنا,2
لبخند,2
تومنم,2
آشپزخونه,2
تمیز,2
بسه,2
کاریه,2
خری,2
سنگکش,2
نگرفتیم,2
وقتها,2
هررر,2
غلبه,2
هنرنمایی,2
مامور,2
زده_اند,2
الآن,2
اصلی,2
بفروشه,2
سركوچه,2
ناهارم,2
رویی,2
دقیقس,2
نخرید,2
خواستین,2
داخلش,2
کش,2
شيرينى,2
ميخواد,2
گريه,2
می‌ره,2
میوفته,2
تبدیل,2
مرتب,2
رقابت,2
کثیف,2
خودمم,2
تاکید,2
لیمویی,2
حاضره,2
نزدم,2
سیبیل,2
راجع,2
نزنین,2
گفته_بودم,2
پاستیل,2
می‌سوزه,2
ایرادی,2
آزادی,2
خستم,2
میترکم,2
آمدند,2
ساید,2
گفتی,2
خلاف,2
قفل,2
میدونه,2
چی‌توز,2
طلایی,2
میخریم,2
خرجش,2
مسافرت,2
تنظیم,2
می‌گم,2
مغازه‌ای,2
قسم,2
همکاراش,2
میخواستن,2
ماشینت,2
ایشونم,2
پاشی,2
جات,2
بریزی,2
بیاری,2
کجاش,2
تنبلی,2
موندن,2
باورت,2
سرکوچه,2
آرایش,2
میشینیم,2
برگردونده,2
می‌خورم,2
جشن,2
چشما,2
میریزه,2
میفرستن,2
ارزششو,2
بچه‌های,2
ج,2
۲۱,2
پاكت,2
می‌دونم,2
بيا,2
عمده,2
برطرف,2
طلا,2
تحویلت,2
کهنه,2
بتونیم,2
محیط,2
فعالیت,2
اینطوریه,2
اکثرا,2
اکثر,2
کدتخفیف,2
85,2
مگ,2
میخری,2
میکشن,2
مثلن,2
۳۵۰,2
می‌زنم,2
جنسارو,2
چپ,2
نگیرم,2
استاد,2
شیراز,2
بمن,2
ندیده_بودم,2
میخواید,2
امتیازش,2
دارایی,2
عمه,2
فرق,2
پولدار,2
۱۵۰,2
نشیم,2
خروجی,2
میانگین,2
میبره,2
همشونم,2
دوساعت,2
۶۸,2
ساز,2
میدان,2
اینطور,2
اشپزخونه,2
چرخ,2
دراوردم,2
شهریه,2
نمیمونه,2
خوندم,2
درو,2
قسط,2
نفری,2
انقلاب,2
بیسکوییت,2
بیاین,2
خریداتون,2
پوشیدم,2
سعادت,2
دزد,2
لحاظ,2
شناور,2
هیشکی,2
قلمش,2
۴۰۰,2
لیمو,2
#ريتوييت,2
تاینی,2
۱-,2
گوشیش,2
دوبرابر,2
صحنه,2
بعدم,2
دونی,2
تفریح,2
ماها,2
جماعت,2
۱بسته,2
میزدیم,2
مسن,2
نقل,2
نامه,2
تورم,2
صفر,2
گرانی,2
نیام,2
اقتصاد,2
جوون,2
صوتی,2
برقی,2
خانگی,2
بچش,2
بدیه,2
سفره,2
یجوری,2
روحانی,2
ه‌ت,2
محکمی,2
چس,2
نداشته_باشم,2
رسما,2
بفرسته,2
موردی,2
دلپذیر,2
اتوماتیک,2
لوبیای,2
قوطی,2
لگن,2
ریخته,2
پدرت,2
۲.,2
پایینش,2
شامپو,2
بهمون,2
قسطی,2
دارها,2
میتونن,2
میرفتیم,2
آوردیم,2
خلق,2
شوهر,2
می‌ده,2
پسته,2
300,2
گیری,2
فروخت,2
!؟,2
نمیتونیم,2
۷۰۰,2
قور,2
پرو,2
پروتئینی,2
محبت,2
دوستت,2
طرز,2
تهیه,2
بذارید,2
55,2
نظام,2
داریه,2
نمیبینم,2
قطار,2
خالم,2
پیشنهاد,2
مردمی,2
ترکیبی,2
العاده,2
زخم,2
خلاص,2
گمونم,2
هزینه‌ی,2
میفروخت,2
قدری,2
همشو,2
سند,2
سبز,2
برگه,2
هندزفری,2
رابطه,2
فعال,2
دیجیتال,2
آپارتمان,2
اباد,2
۴تا,2
هرروز,2
خوبن,2
خرما,2
جو,2
آف,2
25,2
%,2
دلو,2
ببینیم,2
فرانسوی,2
اخرش,2
وسایلای,2
نگیریم,2
می‌تونیم,2
پنجشنبه,2
بخدا,2
11,2
زرت,2
بخورن,2
اه,2
نزدیکمون,2
انداختم,2
منطقی,2
ناچیز,2
جاشون,2
500,2
متر,2
بندری,2
گوشیه,2
چيز,2
۲۶,2
قزل‌قلعه,2
۱/۴,2
اصلاً,2
میشینی,2
خصوصی,2
شوینده,2
کاسه,2
فیلان,2
جایزه,2
بتونی,2
تومنو,2
پدرتو,2
برخی,2
نمیخریدم,2
دوستای,2
ایی,2
تحریم,2
۱۵۰۰,2
همینطوری,2
اقای,2
سقف,2
خودکار,2
آبی,2
مداد,2
نبینه,2
شانسم,2
بیامرزه,2
کارگر,2
۲۵۰,2
سرایدار,2
مدام,2
متن,2
بازارو,2
قرمز,2
برین,2
خوشت,2
خوابش,2
پلی,2
پام,2
میخوری,2
قاپا,2
نگاش,2
جذاب,2
انصاف,2
خطا,2
چرخ‌کرده,2
داروها,2
کرکره,2
سوراخ,2
نود,2
دماغم,2
بروم,2
پوشه,2
موفقیت,2
۱۷,2
مواجه,2
کرایه‌ی,2
شهری,2
دونات,2
وبرگشت,2
عن,2
2.,2
انداخت,2
مسافرتی,2
کلید,2
ایستادم,2
خیط,2
قاه,2
#پشتیبانی_اسنپ,2
حاجی,2
چاشنی,2
جویی,2
پیچید,2
پاف,2
گوشه,2
میشدم,2
قیفی,2
تکون,2
رنگی,2
ماشینم,2
رنج,2
هیچکدوم,2
صب,2
جاهایی,2
شیرنی,2
تنش,2
خرد,2
تندی,2
پانصدی,2
هزاری,2
اسنپتون,2
اجباری,2
مستندی,2
۱۳,2
لوزر,2
پنچر,2
سرفه,2
برمیگرده,2
سردرد,2
ناباوری,2
حوزه,2
سالم,2
بش,2
میتونستم,2
درمیاد,2
گفته_بود,2
اشکال,2
#نان,2
لبنیات,2
نفهمیدم,2
سوت,2
چته,2
علاف,2
رسوندمش,2
نودل,2
ذهن,2
بضاعت,2
خانومه,2
افتخار,2
میتونست,2
ارامش,2
میشینم,2
نسبی,2
قرعه,2
ساعتی,2
ترسناک,2
ترافیک,2
بانکداری,2
برسونیم,2
همینجاست,2
زاییده,2
مادرش,2
شیرینی‌,2
مدتی,2
خلوته,2
مراسم,2
قبر,2
میبرمت,2
دبه,2
میشین,2
لایموت,2
فر,2
مسیرو,2
اهمیتی,2
قبلش,2
سفارش‌های,2
قبلیم,2
دربیارم,2
بابامو,2
تهدید,2
ولش,2
بالاجبار,2
پرسنل,2
سیم,2
رفتند,2
میگین,2
شاد,2
ادکلن,2
میارم,2
الکل,2
داشتید,2
دوش,2
خونه‌م,2
کیرم,2
هعی,2
تولد,2
بیسکویت,2
کند,2
مانی,2
سهروردی,2
ایستگاه,2
داستانی,2
اِ,2
علت,2
60,2
خندید,2
لواشک,2
کیوت,2
اعتیاد,2
بو,2
نمیکردم,2
اتو,2
متنفرم,2
باكس,2
کوزه,2
مخلفات,2
کت,2
آزمایش,2
خیالم,2
کورن,2
یاران,2
دریان,2
مسج,2
میاورد,2
مشروب,2
راهت,2
بمیرم,2
نباشن,2
سردمه,2
ایستادن,2
صفی,2
فرم,2
بلاخره,2
نمیخوای,2
داف,2
جوش,2
نکرده_بود,2
ببرمت,2
دلت,2
دنبالت,2
محکم,2
ذکر,2
پلاک,2
همونجاست,2
اینطرفا,2
اوکی‌ام,2
خواهشا,2
چاییمو,2
مالیده,2
زل,2
ابی,2
طلبه,2
طلاب,2
راهم,2
خریدتون,2
7,2
دادید,2
داشته_باشد,2
حالشون,2
ترافیکی,2
نوبتمون,2
سسی,2
شلوغه,2
رست,2
جابه,2
بچرخه,2
جلسه,2
جوونی,2
مش,2
لوس,2
فرایدی,2
120,2
امکانش,2
اختیار,2
شیرینی‌جات,2
وگفت,2
قِرچ,2
اونجام,2
بیای,2
مسخرس,2
دیگ,2
وقتشه,2
شرکتی,2
روحی,2
سالگی,2
خواستگاری,2
برگرد,2
میشیم,2
ساری,2
شهرها,2
29,2
مطب,2
حقيقت,2
تمرکز,2
اوایل,2
هرجا,2
شریعتی,2
اروم,2
ستارخان,2
خروج,2
می‌خواید,2
نظارت,2
کاسبی,2
گلایه,2
همونطور,2
ریشه,2
شمارشونو,2
خریدو,2
امد,2
دستی,2
چاره,2
كرونا,2
گرفتيم,2
اذيت,2
خصوصا,2
ساختی,2
میهن,2
خواستی,2
بفرس,2
جوخه,2
می‌شن,2
سنگ,2
ماشینا,2
تکلیفش,2
تفاوتی,2
خودتو,2
اذیت,2
اووووه,2
بیادش,2
پاستیلو,2
نگاهی,2
ماشینمو,2
سیگارم,2
نمیفرسته,2
محرم,2
فروشی‌های,2
بدجوری,2
اینجور,2
کارای,2
مبلغی,2
شیرموز,2
زنان,2
اخبار,2
نمونده,2
می‌داد,2
جزئیات,2
میکشم,2
کلاج,2
مد,2
مهاجرت,2
ورشکست,2
نقدی,2
مارک,2
درخواستی,2
اسپری,2
نسخه,2
چقدره,2
بیرونی,2
استاپ,2
قصد,2
مایل,2
دلیوری,2
حیف,2
دا,2
بعله,2
گذروندم,2
خوند,2
ظهرا,2
موسیقی,2
بردمش,2
کمکی,2
آخرشم,2
عاقل,2
اندر,2
خ,2
فروشي,2
يادش,2
قلبم,2
امنیتی,2
ناامنی,2
لباسشویی,2
غصه,2
لعنتی,2
بیان,2
موزیک,2
حموم,2
رات,2
همبرگری,2
۶۵۰۰,2
میخوردم,2
وقتایی,2
عصبیم,2
رصد,2
لو,2
آموزشگاه,2
بازبینی,2
جشنواره,2
آثار,2
قند,2
شرق,2
اختصاصی,2
گرفته_بودم,2
بگردم,2
باشیم,2
40,2
افسرده,2
اسنپ فودی,2
آقایون,2
میکنند,2
استادیوم,2
راننده‌های,2
شالم,2
فوود,2
مردا,2
نطر,2
خدمت,2
قانون,2
میمونم,2
حرفی,2
نزن,2
میفرستم,2
توافق,2
پاسدار,2
بسیجی,2
لواشکای,2
آر,2
جی,2
کاتیوشا,2
فیواستار,2
بشن,2
ببرن,2
می‌کنید,2
گرد,2
یورو,2
همین‌جا,2
میشود,2
کرایه‌ها,2
استدلال,2
ازدواج,2
اسنکه,2
فامیل,2
زنش,2
۲۲.۳۰,2
میخوریم,2
میندازن,2
ثابت,2
مسئله,2
مست,2
بیابان,2
بگیرین,2
کنجد,2
قرارداد,2
فروشگاهی,2
کسانی,2
داشته_باشی,2
انعام,2
ميبره,2
درثانى,2
احترامى,2
تیمی,2
نکردی,2
آسیب,2
نحوی,2
رشد,2
بهانه,2
نیکول,2
نمی‌تونن,2
ظاهر,2
گروگان,2
قشر,2
گرو,2
میزارن,2
امثالهم,2
۷۰۰۰,2
ميوه,2
نکنین,2
…,2
نکنیم,2
لیتر,2
سیاست,2
مرزی,2
خانمش,2
چکار,2
حواست,2
ناراحتی,2
اشکم,2
بیعانه,2
جیغ,2
دقت,2
بازیا,2
کیم,2
مینویسم,2
خواستید,2
تدریس,2
امانت,2
اینکارو,2
حفظ,2
وات,2
فرض,2
کتابخونه,2
مارکتای,2
لعنتیا,2
منه,2
اسباب,2
خونگی,2
مجبوریم,2
شش,2
دود,2
اکی,2
لزبینم,2
گی,2
پسرا,2
بتونن,2
نمیریم,2
مدرسمون,2
؟!؟!؟,2
بدش,2
بخررر,2
ببندن,2
خبه,2
تشنمه,2
بنک,2
آوردی,1
همینو,1
همکاری,1
۵بار,1
هیچکس,1
پشتیبانیتون,1
خوشایند,1
دو-سه,1
قتادی,1
ق,1
صاحبان,1
آشغالای,1
مونده‌شونه,1
بانش,1
پالادیوم,1
هکم,1
تازه‌س,1
پروانه,1
دورت,1
میچرخن,1
#کیف_پول_آپ,1
۴۴۰,1
دوبارشو,1
منجمد,1
رقیبی,1
ساعتش,1
ارزونتری,1
فکر‌کنم,1
سوژه,1
ناخونده,1
قضا,1
شکری,1
می‌بینید,1
حساب‌مون,1
مهمونمون,1
بچها,1
ساعته‌ست,1
اپی,1
نمیوردن,1
مناسبتی,1
#شیرینی_الف,1
زعفرانیه,1
ترشیدگی,1
کال,1
سنترتون,1
اسرع,1
صبوری,1
بازیچه,1
تامین‌کننده‌هاتون,1
رهایی,1
بترکیم,1
ظرفش,1
خوراک,1
نیافتاد,1
نداستم,1
واه,1
۲۱.۳۰,1
۱.۱۰,1
خوابن,1
اشپزی,1
ماکارانی,1
کچاپ,1
اونورم,1
تکرارمیشه,1
آشغالي,1
چيكن,1
سير,1
داديم,1
رسيدنش,1
كاري,1
جمعا,1
٧٠,1
٨٠,1
١٣,1
ذرت,1
٦,1
تيكه,1
نگيني,1
دلمه>>>,1
دامن,1
گلگلی,1
#قزوین,1
#قزوین_مارکت,1
#قزوین_فود,1
کیفیتش,1
محسوب,1
رور,1
۵۷.۴۰۰,1
مبلغش,1
۸۴.۴۰۰,1
برگرديم,1
#زندگي_مگسي,1
ناراحتم,1
عوضی,1
نیاوردشون,1
رفرش,1
نونواییا,1
ژوانی,1
خیلییییی,1
ترکیب,1
بی‌اندازه,1
روبه‌رو,1
آشپزشون,1
کردن…,1
ریسکی,1
قربونی,1
گوسفند,1
قربان,1
نشانه,1
قضاوت,1
ترسناکه,1
اووردن,1
نرفتی,1
درحالی,1
عینک,1
آفتابی,1
ارایش,1
پارتنرشون,1
literally,1
توت‌فرنگی,1
نمیاید,1
باریه,1
برعکس,1
حرکتشون,1
خجالتی,1
۶تا,1
سبدت,1
ارسالت,1
اسمارتیز,1
ندم,1
کرات,1
متعدد,1
دسترس,1
می‌زاشتن,1
75,1
بوگند,1
ریختش,1
سِرم,1
تاییدیه,1
پیرمرد,1
بسون‌,1
فلانیه,1
بالا‌‌,1
دوتاشو,1
وردار,1
لیاقتتون,1
مریضی,1
جمعشون,1
بسته‌ها,1
^_^,1
دخترت,1
سوییس,1
خوبى,1
بنده‌های,1
حرات,1
تجربه‌هام,1
بهشتی,1
پایانی,1
تنوعی,1
لاستیک,1
ازدواجت,1
سالیه,1
میگذرونیم,1
سالگیمون,1
گرددبود,1
شونزده,1
ابعاد,1
انتظارمو,1
نهارمون,1
خورشت,1
هزینش,1
اولی,1
تخفیمم,1
آیتم,1
و‌کنسل,1
جدیداً,1
کدمم,1
ده‌هزار,1
منابع,1
هدر,1
روزیشون,1
دونم,1
کدومش,1
ملزومات,1
پنیری,1
تعویضش,1
میگیم,1
هم‌زمان,1
چیزمیز,1
خرین,1
حضرت,1
والده,1
دفتر,1
و‌فرستادم,1
خرد‌,1
رغبت,1
دستمالی,1
رو‌میذاشتم,1
مرذم,1
محبوب,1
کاربران,1
ماشاالله,1
کاربردی,1
بخرمش,1
ندارتش,1
اپش,1
لود,1
انحصاریش,1
کجی,1
دیگه‌ای,1
مارکت=,1
خطم,1
پیشه,1
فریز,1
معطلم,1
نزدن,1
چندماه,1
اردیبهشت,1
روعن,1
قحطی,1
نمونم,1
بمونی,1
نمی‌خورد,1
میگیرید,1
آکواردترین,1
شبستری,1
چف,1
صحبتش,1
آکواردی,1
باغی,1
تحریریه,1
روزنامه,1
نجیب,1
نریزید,1
فور,1
تبلیغاتیه,1
@Digikalajet,1
کاربر,1
سارا,1
عملیات,1
رسونده,1
کوچه‌س,1
هرسری,1
کارشناس,1
تایمی,1
لیاقتید,1
#ريتويیت,1
#بی‌لیاقتی,1
پاناکوتا,1
۲۳.۲۰,1
تخمشم,1
۹:۳۰,1
۱۰:۱۵,1
هتوز,1
اپراتورش,1
گو,1
نوم,1
انقضاش,1
فرداست,1
احتمالاً,1
ته‌چین,1
فروشگاهه,1
بدشانس,1
فاقد,1
افت,1
کوتاهی,1
رستوران/سوپرمارکت,1
مربوط,1
جایگزینی,1
امیروسام,1
فرستادید,1
سفارشمون,1
خوراکیه,1
ترجیحم,1
بخوای,1
کوفت,1
خواد,1
سلف,1
شیرازی,1
پرورده,1
فوده,1
داخلشه,1
نواربهداشتی,1
توپی,1
لینا,1
توپیشو,1
درونم,1
ناراحته,1
صفن,1
دمكافه,1
چاي,1
و‌پرت,1
اقلامو,1
کارش,1
زیباست,1
برشون,1
گذرونم,1
خوردتش,1
کم‌مونده,1
گلنار,1
ندید,1
داستانا,1
ترم,1
گفتید,1
مخابرات,1
#رایتل,1
وصل,1
بشی,1
فارغ,1
باور,1
پریده,1
بارش,1
سفارشه,1
کته,1
شومی,1
کاردک,1
غمناک,1
قدیما,1
تخفیفاتش,1
بشکنم,1
۶-۷,1
درمیومد,1
چشای,1
پیکِش,1
“بیا,1
گشنه”,1
موج,1
هله‌هوله,1
۱۵۳,1
لازانیای,1
الهام,1
سریعا,1
لوازمشو,1
@el,1
76,1
bisa,1
اصل,1
تبریزی,1
دادمان,1
کالاشونم,1
تبلیغشونو,1
بارسا,1
مشهده,1
لزوما,1
نمیگن,1
تأیید,1
حقیقا,1
دکمه,1
تمرگیدم‌,1
خوشحالیم,1
همکارای,1
اشتباهای,1
شت,1
استارتاپای,1
نمیدارم,1
هاشون,1
برخوردی,1
شدیداً,1
پرخوری,1
لاکپشت,1
گوسفندتر,1
زرررد,1
چسه,1
دوساعته,1
درگیرم,1
سن‌ایچ,1
بزرگا,1
تیکت,1
ایگنور,1
برقراره,1
۱.۱۵,1
میخاست,1
نیم‌ساعت,1
شبانه‌شون,1
افتضاحه,1
زید,1
نداشتمپی,1
پیشم,1
شمالیه,1
تهرانیزه,1
پسرعمش,1
‌دادیم,1
پلا,1
نمیخورم,1
افعی,1
از‌,1
‌تون,1
نذارن,1
همینی,1
۸تا,1
اطرافمون,1
طباخی,1
۹.۵,1
خوابمو,1
بپرونه,1
باگت‌ها,1
همدیگه,1
اصناف,1
روبرو,1
مدیری,1
نیرویی,1
تربیتش,1
دوما,1
تاپاله,1
دفاع,1
میمالی,1
آبرومو,1
بارو,1
برده‌داری,1
راننده‌هاشم,1
لاس,1
قیافه,1
پروفایل,1
اینستات,1
تری,1
مراقب,1
داگه,1
خودتونو,1
اسیر,1
6ام,1
7امه,1
کارشونم,1
دادنت,1
بستی,1
ملات,1
بزاره,1
می‌ریزم,1
روشون,1
برنجش,1
آش,1
قرمه,1
سبزیش,1
پشتيباني,1
بفرستيم,1
رییسی,1
محرومان,1
مملکته,1
جفتشون,1
مردیو,1
دختراشون,1
زده_باشم,1
بیخوده,1
خیالش,1
سوپرهای,1
عجایب,1
غرایب,1
فروشگاه‌های,1
اساس,1
لوکشین,1
جستجو,1
VS,1
کاربراست,1
هرکی,1
آیدیشو,1
تقریبی,1
چلوکباب,1
نمیکشید,1
مچکریم,1
نکبت,1
برف,1
کوصمادرت,1
اعتقاد,1
اشتباهه,1
امتیازهای,1
نیکوکاری,1
انتخابی,1
قصاب,1
بازی‌ایه,1
ژامبون,1
دادمخدایا,1
چراا,1
مدلیم,1
خواهرا,1
نمیزنند,1
اینجوریم,1
نمی‌تونی,1
ملتو,1
دوبارم,1
اتفاقیه,1
همونم,1
نمردیم,1
منزلم,1
فهمیدیم,1
نشدن,1
سوهانی,1
"بود,",1
/////////,1
خوراکیایی,1
۴۷,1
نوشته_بودی,1
//////,1
نتونسنت,1
گهدونی,1
۲/۵,1
۴/۴۵,1
گولاخ,1
اوه,1
موچولو,1
نقلی,1
کنترل,1
ترکیدم,1
تضاد,1
دقیقه‌است,1
بجوشه,1
گه‌خوردن,1
چهارساعت,1
جایگزینش,1
نمیگفتم,1
خنک,1
اسکل,1
بازیاشون,1
#کتابفروشی_زیتون,1
۱۲۷,1
قیمتشو,1
۱۴۱,1
شمارمو,1
اسمسام,1
مصمم‌تر,1
گیاهی,1
سفارشام,1
هنوزه,1
دنبالش,1
برنمیگردونه,1
اكسپرس,1
براى,1
نرسيده,1
پايين,1
گشادانه,1
انصافا,1
دلچسبی,1
مبارکه,1
گشادا,1
صدها,1
بارشم,1
غرشم,1
پشنگه,1
مشتریا,1
۶:۳۰,1
گرفتید,1
!!!!!!!!,1
میرینه,1
تاسفه,1
۸:۴۵,1
۱۲:۰۰,1
#مشتری_مداری,1
۱/۳,1
میرینی,1
منقضی,1
کده,1
سولی,1
میکادو,1
زبون,1
"دادم,",1
خطر,1
کلیش,1
زیادی,1
"بودن,",1
کالباسش,1
درحد,1
شنیدین,1
میریزن,1
نویسی,1
اتاقم,1
مونه,1
/////,1
شکولات,1
آیدین,1
دهی,1
مقدور,1
متعجب,1
میبندم,1
نیامده,1
چوب,1
وضعشه,1
خداوکیلی,1
مارگاریتایی,1
رسیدمالانم,1
۲ساعته,1
پشتیباتی,1
تماسمو,1
ریجکت,1
لجنو,1
۶:۱۶,1
چیزیش,1
باگ,1
هفتادم,1
چش,1
خرابش,1
گِل,1
پشتیانی,1
ایمش,1
نمی‌ذاشتید,1
تباها,1
۹:۱۵,1
سفارش‌تون,1
قاقالیلی,1
شکم,1
غذاتون,1
دستگاه,1
آها,1
اوردم‌‌,1
#داستان,1
#منم,1
رسم,1
اینایی,1
استاریتو,1
بفرما,1
فلافل,1
ساعتو,1
مُردیم,1
الدنگ,1
میگرفتم,1
شاممون,1
خورده_بودیم,1
که…,1
میگشتن,1
بدرد,1
جر,1
نیاد,1
یچیز,1
مومن,1
نونشو,1
بزارید,1
انبارگردانیش,1
مونم,1
اینی,1
جهنمه,1
بهشته,1
۱۳۰۰,1
میارزه,1
وایستادن,1
کوچست,1
باهامون,1
دیکه,1
هفتصد,1
غاز,1
تاپینگ,1
حرفه,1
زرشک,1
پلوی,1
منتظرش,1
چنگالم,1
میاوردم,1
ماستت,1
کلاً,1
فرکانس,1
دیگه‌ست,1
سپاسگزاریم,1
آب‌میوه,1
بی‌خبر,1
دنیا,1
دامادمون,1
دزدن,1
شماره‌مو,1
آنلاک,1
ارث,1
محرومم,1
بيارن,1
آسياب,1
ميكنن,1
اضافی,1
تنوع,1
خوانندگان,1
اخیرم,1
رشتی,1
باقالا,1
۵۸۰,1
اشتها,1
جراتشو,1
خوشمز,1
شبمو,1
دونش,1
تومانم,1
خمیر,1
خیس,1
جهنم,1
تبلیغاتی,1
حاملم,1
تبلیغتیم,1
بستس,1
همونا,1
مارکت‌مون,1
می‌نویسم,1
پول‌تون,1
وریه,1
شبانه‌م,1
بپزم,1
بسته‌س,1
٧:٤٠,1
٨:١٥,1
٨:٣٠,1
عنترا,1
٢٦٠٠٠,1
پکی,1
۲۷,1
افزایش,1
اوقات,1
پیکم,1
گیرند,1
درحال,1
نمیگیرن,1
اکانت,1
لواشی,1
اونموقع,1
لواشا,1
ماشینی,1
میخرید,1
مزه‌ای,1
نخورده_بودم,1
مزه‌,1
#طباخی_مزرعه,1
دورچین,1
نونمون,1
عملکرد,1
کالایی,1
بسازن,1
توئیت,1
توئییت,1
میدم/۱,1
فعاله,1
اینجام,1
نمی‌کشید,1
اقبالم,1
ریدن,1
سفت,1
خدای,1
ویلا,1
می‌تونه,1
خوردنم,1
۱-وارد,1
۲-رستوران,1
۳-,1
۴-آدرس,1
۵-,1
نمایش,1
۶-وارد,1
#باروژ,1
کینوا,1
۶۲۰۰۰,1
۶۷۰۰۰,1
نوشیدنب,1
نهاییو,1
عصبانیت,1
پنیرها,1
لبنه,1
#کاله,1
سوپرماکت,1
می‌گفتم,1
‌کننده,1
۵۷۹۰۰,1
۷۹۰۰۰,1
خریده_بودیم,1
خوبی‌های,1
Food,1
مغازه‌های,1
دسترسی,1
Google,1
Maps,1
118,1
کمیسیون,1
نده,1
۱۲.۲۵,1
۱۴.۱۵,1
۹.۴۵,1
نمیخوایش,1
مزاحم,1
همینه…,1
۱۱/۳۰,1
نکردیم,1
برنم,1
زاره,1
یاره,1
هییی,1
ماچ,1
نمیتونست,1
چیکن,1
استریپس,1
چمنا,1
درمیاوردم,1
چیزم,1
میکردیم,1
شهرستان,1
فروشگاهیم,1
تکلیفمون,1
همكارم,1
سوپرايز,1
دانژه,1
كيف,1
نكنم,1
شیکمویی,1
عینیش,1
تکنولوژیکی,1
ضرورتی,1
بودم۱,1
اینقددددر,1
حرصم,1
سککته,1
تیکه‌شون,1
نکشید,1
ارسالی,1
۹۲,1
سفارش‌هارو,1
امتیازها,1
ساوا,1
بنتو,1
فیدیبو,1
همه‌ی,1
ایناها,1
اسنپ‌کلاب,1
می‌کشه,1
اینطوری‌ان,1
۲:۲۰,1
ببخشین,1
اسمایل,1
سرویساتونم,1
آشغالن,1
تخمیو,1
دخترا,1
نگذاشتن,1
ذارن,1
تربیت,1
پش,1
باقالی‌پلو,1
قالی,1
باموکت‌پلو,1
فرستادن‌,1
پروتئینیش,1
برداشته,1
تماسم,1
دایورت,1
بربری‌هایی,1
برسند,1
خودتونید,1
برگردیم',1
۳عدد,1
۲۸۴۰۰,1
اینجانب,1
خواسته_باشید,1
امریکانو,1
در‌,1
رو‌بهانه,1
ابدوغ,1
اسپینانس,1
پالاس,1
خانوادشه,1
نگیرن,1
نگهبانیم,1
خرید‌های,1
۹:۲۹,1
دقیقه‌ی,1
سرو,1
اسنپ…,1
اردر,1
چارتش,1
نهاین,1
کامیونیتی,1
@mamadporii,1
@sohaylmoradi,1
#بیت_کوین,1
غذایمان,1
برویم,1
ارزان,1
بیاورند,1
مه,1
می‌خورید,1
منتشر,1
اینستاگرامه,1
میمیرم,1
ماشیناش,1
امشبم,1
پره,1
دلمزه,1
برینه,1
فلفلیشو,1
مرسیی,1
دهو,1
۱۲:۳۰,1
دورو,1
خشخاش,1
سوته,1
تمایل,1
پارچه,1
تحویلتون,1
دوازدهه,1
میخواهیم,1
برقارو,1
مجتمع,1
لیاقته,1
خودشه,1
#هایدا,1
#اسنپ‌فود,1
#خام,1
#گربه,1
ماکسیمم,1
باکسم,1
میترسم,1
آدمو,1
مطلقه,1
دستمو,1
لهجه,1
افغانستانی,1
میخوند,1
فریاد,1
مزار,1
ملا,1
مکث,1
زعفرونی,1
میخواستی,1
ندی,1
نزنی,1
13:19,1
19,1
فاسد,1
اولویه,1
مرده_بودم,1
اعتصاب,1
مشابه‌,1
علاقه‌شون,1
جورایی,1
وجدانت,1
قیچی,1
مگسه,1
مگس,1
پخته,1
واسشون,1
عودت,1
اینااون,1
احترامشون,1
دقیقاً,1
نکران,1
نباشین,1
قدخوب,1
شبش,1
طاقت,1
معتضدیان,1
روزهایی,1
سوهان,1
بعضاً,1
خفن,1
ربّی,1
سکسی,1
بعلاوه,1
می‌رسه,1
مُردم,1
دارم‌‌‌,1
و‌ندارمش,1
شکلاته,1
گلوم,1
پدری,1
شیش,1
زنگم,1
کلاشی,1
نفرستادن,1
مخلفاتشو,1
نن,1
خطایی,1
توانم,1
اينا,1
مثلي,1
ميگم,1
فرقي,1
هایپرها,1
۳۳۰,1
۱۷۷,1
ارسالشم,1
هممون,1
دهنيم,1
پد,1
پرتاي,1
ديگم,1
توئيت,1
صبحش,1
بدجور,1
نامناسب,1
@AsanPazOfficial,1
ویار,1
فرستادند,1
لوگ,1
اوت,1
تونه,1
مشکلات,1
پفک‌ها,1
مرغو,1
نزده,1
موبایلم,1
بلافاصه,1
سرتان,1
مداریتان,1
کوبید,1
دشمن,1
بلای,1
خانمان‌سوز,1
باماهاس,1
لحظه‌ای,1
پلید,1
*از,1
مالت,1
ازپشتیبانی,1
مخمر,1
خواهی_کردم,1
کارمه,1
میشدی,1
نمیومدم,1
آقااااا,1
دوسسسسستم,1
خورده_بود,1
بدمزه,1
رایانه,1
اشم,1
10.000,1
لینک,1
کزدم,1
فرستاده_بودید,1
خشخاشی,1
گرفته_بودند,1
حلیمم,1
فرانسه,1
@francepastry1,1
هنوزنیوردن,1
معرفی,1
حلقوم,1
شوهرا,1
سیمیت,1
گوشتم,1
محض,1
اولیندبار,1
57,1
نوون,1
کردمممممممم,1
نشانه‌ی,1
خداتومنی,1
ناموساً,1
تاريخ,1
#snapfood,1
مجموعا,1
باگتی,1
نیازی,1
نجومی,1
پتو,1
صبونه‌ام,1
مابقی,1
حین,1
می‌خریم,1
و‌,1
سادگیم,1
قائل,1
دقیقم,1
صوبونه,1
توضیحاتم,1
۲۱:۲۵,1
مقاومتم,1
شکسته_شد,1
دونفره,1
تنگش,1
قطعااااا,1
ریده,1
نمیتونین,1
هندل,1
سیستمو,1
جمعش,1
غراله,1
گزیده,1
مصب,1
اسکلا,1
زدنه‌هاااا,1
۱۰/۵,1
سرکوچه‌مون,1
پنج‌هزار,1
۱۲/۱۵,1
خوام,1
حدم,1
سست,1
عنصرم,1
زائد,1
الوصف,1
فیله,1
سوخاری,1
گذشتم,1
پلاسکوی,1
پوچی,1
نرسیده_بودم,1
ظرفاتونو,1
بشورید,1
كون,1
گشاديم,1
ایده,1
مزخرفی,1
۸:۳۰,1
سنگین‌تر,1
خونه‌مونه,1
سرشب,1
۴ساعت,1
بیارتش,1
مطابق,1
يكم,1
آجيل,1
رايگان,1
عجيبه,1
#هفت_اقليم,1
#اصفهان,1
دراپ,1
وان,1
این‌جوریه,1
سریع‌تر,1
لذت‌بخش‌تر,1
واسمون,1
۳صبح,1
لوله‌بازکن,1
ایسلندی,1
TRX,1
میرسید,1
پيدا,1
اينجاى,1
دلتون,1
ميخواست,1
نميكرد,1
سرى,1
بيسكوييت,1
سوفله,1
ميومد,1
كارى,1
نكردم,1
بخريد,1
غلامی,1
احسنتم,1
حلیمی,1
مهجزات,1
فذا,1
کوپنی,1
اسنپ فودواقعا,1
۵:۳۰,1
۳/۵,1
۵:۲۸,1
امیدم,1
سیستمش,1
کشف,1
اقوام‌,1
بدم‌,1
بخندم,1
حواسم‌,1
اطلاعت,1
آشنامون,1
گهی,1
۱۷:۲۳,1
۲۰:۰۳,1
تکستم,1
امده,1
خمیری,1
@wn_rwe,1
دلسترا,1
دزدیدند,1
دزدها,1
شناسایی,1
سنگکی,1
دیدمش,1
می‌گرفت,1
دستهاش,1
عروسیمونو,1
گرفته_بودیم,1
اشتباهم,1
سیاه,1
آدمی,1
اکسپلور,1
اینستاش,1
فرندز,1
معدش,1
چُس,1
اراده,1
تقلا,1
اونهمه,1
چپوندم,1
شکمم,1
قوانین,1
بیجا,1
درآمدشون,1
دلمون,1
صفم,1
واینمیستم,1
‌نون,1
خفنِ,1
کنجدم,1
چسبیده,1
مغازهه,1
شناختی,1
راستش,1
می‌فهن,1
مارکته,1
اسیرم,1
هههییی,1
دلووووم,1
آوردنش,1
دونید,1
خوابگاهی,1
چقدددررررر,1
نعمت,1
بزرگیه,1
سهولت,1
اون‌هایی,1
الویت,1
بسا,1
n,1
نونواییم‌,1
فلاان,1
الکی‌م,1
کیه,1
\,1
صبحها,1
تکنولوژیتو,1
روایت,1
نقی,1
بای,1
دیدند,1
مدینه,1
شینسل,1
مارکتم,1
پیشی,1
میگردم,1
تنوری,1
نوشابا,1
دانلودشون,1
لی,1
بخاطرت,1
نبینمت,1
خریدامون,1
عامدانه,1
بیشعوره,1
افتخارم,1
شماا,1
بدیییییید,1
متعسفم,1
گدا,1
ناپلونی,1
اییه,1
سوپرمارکتِ,1
پدرسگ,1
ولم,1
ميديم,1
میریم‌,1
منظورت,1
کتابمو,1
۱:,1
پس‌انداز,1
۲:,1
پروژه‌ای,1
خونه‌ایم,1
درج,1
این‌طوره,1
دفعه‌س,1
مساوی,1
موافق,1
قفسه‌های,1
طرفو,1
ثانیه‌ای,1
نمی‌کنه,1
متشکریم,1
مقدسات,1
زننده,1
نمیگم,1
املتی,1
دربیاری,1
تابه,1
بشکونی,1
بشوری,1
قاچ,1
اجاق,1
وایسی,1
تنبلانس,1
تعریفامون,1
چقدرمتفاوته,1
رومبل,1
تنبلتر,1
شیرمال,1
صبحونه‌ام,1
می‌شینم,1
خوشگل‌هاش,1
نمیفرستند,1
برگردونن,1
بتونه,1
همینطوره,1
گشادیسم,1
می‌یارن,1
اُکالا,1
لیستم,1
خییلیییی,1
100,1
می‌رسم,1
پوشیده_بودم,1
خریدا,1
معدم,1
حضم,1
خندیدن,1
رزومه‌ها,1
دغدغه‌امون,1
@AfForough,1
غریبم,1
صبحانه‌مو,1
@golrokhd,1
@Snappdoctor,1
داروی,1
فرسته,1
وقاحت,1
اسکناس,1
@Eynollahi_ir,1
نظارتیه,1
وندور,1
رمان,1
رولتش,1
دومینو,1
سریالهای,1
غیرقانونی,1
تلگرام,1
دانلود,1
عصبيم,1
رژيم,1
اسنپ فودو,1
گوشام,1
هورمون,1
زمانیم,1
کلیو,1
تند,1
اکبر,1
جلال,1
می‌دم‌‌,1
‌ضایع‌ام,1
می‌کنه‌,1
ا‌,1
‌امروز,1
قرن,1
کرد‌,1
‌واقعا,1
تصورش,1
پرور,1
بی‌خاصیته,1
آخههه,1
چرااا,1
گزينه,1
نايلون,1
سنگك,1
بربري,1
عالى,1
بياره,1
ميشه,1
بديم,1
حضوري,1
میاریم,1
زرنگ,1
وتازه,1
داشته_باشید,1
قوطی‌های,1
تُمّیده‌شون*,1
می‌فرستن,1
*,1
تُمّیده,1
Tommide,1
همدانی,1
فرو,1
غُر,1
شده_است,1
سیرم,1
مشکلتون,1
ناشی,1
کمبود,1
#تاخیر,1
#غذا,1
سلطان,1
حلش,1
می‌خوایم,1
همکاران,1
می‌گذاریم,1
حرارت,1
پرپروک,1
رقم,1
نمیزنن,1
زمینه,1
مقصریم,1
آدمیزاد,1
بلااستثنا,1
۲۴۰,1
توضیحی,1
آذربایجان,1
نونشونو,1
توصیه,1
نانواهای,1
‌2,1
میارند,1
%برای,1
همچی,1
غری,1
رستورانها,1
آشغالی,1
#کد_تخفیف,1
اودم,1
ارزشمنده,1
com/%D8%A7%D8%B3%D9%,1
86,1
%D9%BE-%D9%,1
%D8%A7%D8%B1%DA%A9%D8%AA…,1
ریتوئیت,1
کنیدبرسه,1
روبخاطر,1
نیورده,1
۳مگ,1
قطه,1
شاشیدم,1
مسئولین,1
استارت,1
آپ,1
اعصابمونو,1
گاییدن,1
‌و,1
شاتل,1
میدونستین,1
روده‌شو,1
برگرو,1
داده_باشید,1
کیا,1
رفتارشون,1
برخوردن,1
نظیرن,1
جنسیو,1
راست,1
بازیم,1
قلق,1
بیخیالن,1
مسنپ,1
نیسم,1
فلفلی,1
زده_شدم,1
بزرگاش,1
لابد,1
اومن,1
هزارسال,1
کوجیکاش,1
ممنانن,1
نمک,1
طعم,1
نخریدی,1
4.7,1
بجز,1
داداششم,1
ساخت,1
سنیم,1
حرام,1
ماتا,1
باماشین,1
بودماشین,1
روگزاشتیم,1
باقیش,1
اونقدرشلوغ,1
ساندیس,1
نشدخورد,1
بجزهزینه,1
اکثریت,1
بنظر,1
گشادیو,1
رسوندیم,1
نفس,1
میکشیدم,1
لاجون,1
کشوندم,1
هار,1
۲۲,1
۳۲,1
اسکوپ,1
دوووو,1
کاپشن,1
خفننن,1
۱.۴,1
مالیاتی,1
گمرکی,1
تاره,1
شکرگزار,1
بودن/,1
بیاورد,1
خودشان,1
تاریخچه,1
آذرماه,1
میارتش,1
ننه,1
موقعِ,1
نمیگیریم,1
خودکشی,1
جمعی,1
ندرت,1
میپزم,1
سالمتره,1
دومیلیون,1
امدم,1
اجازتون,1
همونو,1
مشهدم,1
نخرین,1
خریده_بودم,1
میفروشن,1
بهار,1
ظرفارو,1
گلارو,1
باشگاه,1
بسم,1
هعیییی,1
کابل,1
احساسات,1
منفیم,1
دستگیره,1
روکش,1
3-4,1
خونواده,1
کمتربن,1
3تاصبح,1
360,1
مربا,1
گذری,1
قاطی‌پاتی,1
ماتیک,1
بیارش,1
جک,1
مانتومو,1
شلوارک,1
سفیدم,1
سختتونه,1
میورد,1
میخاستم,1
دبیرستان,1
عزیزی,1
اختیاریه,1
شکلاتا,1
۳۱,1
۱۷/۵,1
کنسرت,1
همایون,1
مسافرای,1
دله,1
پیچوندن,1
پرست,1
کلاهتو,1
اقایی,1
جوابم,1
صبم,1
بچم,1
جعبه‌ای,1
شدنی,1
نشینه,1
سایز,1
استاندارد,1
ریز,1
درشت,1
پرتقال,1
کمتره,1
مدار,1
شرمندتما,1
کونت,1
سون,1
سیستمه,1
تازگی,1
قیافم,1
غذاخوردنم,1
مضحکی,1
ازطرف,1
لغوشد,1
اعتبارم,1
برنگردوندن,1
چندروز,1
لیموی,1
گندیده,1
برمیگردونیم,1
گفتگو,1
نسل,1
هرچندوقت,1
حالمون,1
پیتزایی,1
هرچقدر,1
قیمتارو,1
اونقد,1
تولید,1
۶قلم,1
شدنو,1
بودمو,1
پفکو,1
ویفر,1
سرقت,1
مخفی,1
#اکسپرس_مارکت,1
۴۲,1
هزارتومانی,1
تماسشون,1
#خریدآنلاین,1
زنجبیل,1
برادرمو,1
شهربازی,1
صدام,1
میزدن,1
وایسه,1
نسترن,1
بنظرم,1
ساختگی,1
ندارید,1
۸۱۰۰,1
کارتن,1
نارگیل,1
۳۴۰,1
نخی,1
مادرشم,1
میزاره,1
کصخلی,1
میخرع,1
گازش,1
پریده_بود,1
ارزونه,1
‌خوب,1
برگردونی,1
اصله,1
جهازیه,1
خرجشو,1
بعید,1
معمولاً,1
#رئیسی_متشکریم,1
دهان,1
انرژیم,1
قدوسی,1
چمران,1
زیبای,1
غارت,1
میکردن,1
ترکیبات,1
سمی,1
مثقال,1
۷هزار,1
گیشا,1
حکیمیه,1
نمیذارم,1
خرجی,1
خرمایی,1
زنگ‌,1
انگاااار,1
وقیح,1
رولی,1
تنو,1
۷۸۰۰,1
۳۶۰۰۰,1
اختلال,1
فرآیند,1
۵۹۰۰,1
۹۰۰۰,1
آقاهه,1
دیرتر,1
میادا,1
زنگمونو,1
تقدیم,1
زمانش,1
مزخرفه,1
یکهفته,1
خورشون,1
نپخته,1
رب,1
ترشیده,1
کنسروت,1
اینهارو,1
میخورند,1
می‌گیره,1
نخورده_بود,1
ناموفق,1
آسیبی,1
نمی‌فهمم,1
استعلام,1
کارمندیه,1
برگام,1
می‌بینم,1
درآوردن,1
جوونها,1
گراید,1
آزانس,1
اونهم,1
یی,1
میخریدیم,1
پِیکه,1
زودی,1
تمیزکار,1
دسته‌هایی,1
تخلیه,1
اطلاعاتی,1
کم‌کم,1
می‌رسن,1
افسردگی,1
رانندم,1
کارمند,1
تراپی,1
فری,1
دیسکاشن,1
یوگا,1
900,1
تونر,1
ژل,1
میدارم‌,1
خریدم‌,1
نگفتم,1
نرو,1
روت,1
بگی,1
پفکم,1
خریدی,1
چندمین,1
شخصا,1
منتطر,1
دراورد,1
کرجم,1
#سوال,1
۲.۵,1
نمره,1
فاصله‌تون,1
ماستاشو,1
طعمای,1
انقضاشون,1
دیگس,1
رییییییده,1
خورده_ای,1
شیکمی,1
پسری,1
لوحم,1
درماه,1
_,1
فنا,1
hiit,1
leg,1
تخم‌,1
کردنش,1
دوتااا,1
دارما,1
اتوبانم,1
اونارو,1
منِ,1
شنونده,1
ابتدا,1
سلماس,1
شهرزاد,1
کامنتشو,1
بلاکم,1
نمیخرم,1
ظاهرا,1
درون,1
کمونیست,1
مظاهر,1
اندفعه,1
ازینور,1
ببیر,1
چرااااااا,1
به‌روز,1
برنامتون,1
آهن,1
خارجکی,1
قاطی,1
خاکی,1
درستش,1
مود,1
قهوه‌م,1
میخوردمش,1
نسکافه,1
بخرم٬,1
کیسه‌ی,1
پلاستیکیه,1
پرفورمنس,1
خاطره‌,1
#جت_مارت,1
#دیجی_کالا,1
مک,1
بوک,1
بیرو,1
دمِ,1
خانومی,1
لیفو,1
حوله,1
بهشو,1
اینک,1
داراییمو,1
سنگینی,1
گلم,1
قبلیش,1
قولنامه‌ای,1
فروخته,1
برگ,1
صادر,1
مدارکم,1
سندش,1
قبوله,1
مدارک,1
ناقصه,1
موقتاً,1
توجیبی,1
ماهم,1
انقدرررر,1
لعنتتون,1
کنه…,1
جاموندم,1
هندزفریم,1
زدمش,1
جرقه,1
شنوایان,1
روزمه,1
عاطفیم,1
شیلا,1
وابستگی,1
جردن,1
تیگو,1
ایرانم,1
کافی,1
دشت,1
ناقابل,1
اریاشهر,1
یوسف,1
۲۳۵۰۰,1
#خاندایی,1
اخلاق,1
نذاشت,1
وظیفه‌ش,1
لطفشه,1
چلاغی,1
واسته,1
بعنوان,1
شدنش,1
بعضیاشون,1
گشادش,1
دیتای,1
انالیز,1
منفجر,1
نمودار,1
سینوسی,1
سالها,1
ژنده‌پوش,1
پروتئینیای,1
گوسفندخیلیی,1
گوشتاش,1
بکن,1
باسن,1
دریا,1
گوشتی,1
برگش,1
چطوره,1
دهنمون,1
#اسنپ_فروشگاه,1
شنیده_بودم,1
delivery,1
چهارمین,1
استتوس,1
اپدیت,1
خواهیم_»,1
تایمر,1
نریم,1
حدیث,1
مقوا,1
فوم,1
براونی,1
یادمون,1
کو,1
ایستاده_بودم,1
آقایی,1
جسارته,1
خانما,1
زخمهایی,1
کیفم,1
عقلم,1
خونه‌مون,1
آرزوم,1
ذلت,1
مرگتون,1
فولان,1
۱۱:۱۵,1
۱۱:۴۵,1
پیچونده,1
فرشته,1
کتابا,1
شرکتتون,1
گوهی,1
میخان,1
میرینن,1
نامردی,1
مابه,1
توالت,1
عدس,1
مرغی,1
پخته_شده_بود,1
سوخته_بود,1
سوخته,1
میداره,1
مطقیه,1
ماموریت,1
کلیدام,1
عصبی,1
رو‌به‌روم,1
هندسفری,1
کروتان,1
انتقامم,1
سطل,1
زباله,1
۲۶۴,1
۶۴,1
انقدم,1
کدومو,1
بیتروی,1
عرضه‌ی,1
نون‌هایی,1
تونم,1
#در_خانه_بمانیم,1
خريدم,1
يكيش,1
ماشعير,1
اشتباهى,1
ليمويى,1
پيگيرى,1
نهايت,1
كاريش,1
نميتونيم,1
بكنيم,1
برميگيردونيم,1
ماشعيريم,1
دستتونه,1
هديه,1
ى,1
انتقاممو,1
مملكت,1
یک‌هفته,1
گرون‌تر,1
دم‌نوش‌های,1
میوه‌ها,1
#هراز,1
#هایپر_مارکت_باکری,1
#دزد_خانه_ایران,1
#ریتوییت,1
اسنپِ,1
ذلیل,1
خفنی,1
اینش,1
به‌کنار,1
می‌دی,1
عروج,1
قیمتاش,1
میبندی,1
میپزی,1
ومیخوری,1
رژ,1
شورت,1
ظرفشویی,1
وایتکس,1
بلاهت,1
علاقم,1
نزدیکی,1
واقعیتش,1
میفرسته‌ها,1
تندیر,1
خریدمهه,1
دلجویی,1
بیکن,1
چدار,1
خوشنودم,1
جنسا,1
صیفی,1
سوا,1
!!!!!,1
خیرات,1
نفرم,1
کتابی,1
هیچ‌جا,1
نمیخره,1
ایفون,1
میرقصیدم,1
خارجیا,1
ابروم,1
خاورمیانه,1
۲۴۵,1
پرسیده,1
عمر,1
آیدا,1
ممکن,1
ندیم,1
توی‌,1
دوتامون,1
زیباترین,1
هامون,1
تخفیفانه,1
کشک,1
اینطوریم,1
صمیمیم,1
سورپرایزشون,1
مغزمم,1
مرض,1
جدیدمه,1
پولشون,1
تاکسیرو,1
رستورانرو,1
گارسونهاش,1
موجوداتی,1
#تاکسی,1
#راننده,1
#گارسون,1
#رستوران,1
قشنگترش,1
حرید,1
بیاردش,1
شمعا,1
۶۹,1
درگاه,1
۶۷,1
اقسام,1
تلخمو,1
کشمش,1
می‌ترسه,1
جیبت,1
اداها,1
رنگارنگ,1
میزش,1
بتری,1
نخوام,1
پیرزنه,1
سلیقت,1
عوضشون,1
سین,1
ميگن,1
جلوي,1
كاخ,1
سفيد,1
خريدن,1
بيان,1
خواهي,1
متلاشي,1
آخوندها,1
ميخام,1
بدند,1
مرتيكه,1
پلشت,1
پليد,1
عمو,1
|||||||||||,1
توبیخ,1
شفاهی,1
رئیس,1
مغتنم,1
شمردم,1
تحریر,1
ماژیک,1
سالنامه,1
همه‌شونو,1
قایم,1
مجموعه‌,1
سابقه‌ی,1
مکرر,1
تُستی,1
انقصاش,1
اسکرین,1
شاتش,1
یک‌ساعت,1
The,1
Big,1
Brother,1
#snapp,1
دفه,1
دلسترم,1
نق,1
کنجکاوم,1
شکلاتهای,1
خوشگلی,1
ما‌ی‌بی‌بی,1
130,1
93.800,1
همکارش,1
ببخش,1
ناراحتت,1
خونه‌شون,1
بی‌معرفت,1
می‌ذاره,1
تختش,1
کم‌محلی,1
روزا,1
غداش,1
صاحبکار,1
شوهرش,1
آبدارچی,1
شرکته,1
شریکی,1
قرض,1
خرجم,1
عارضم,1
سالار,1
سانسور,1
پروپوفول,1
فشارش,1
دستاشو,1
ببندم,1
همسایمون,1
هم‌چشم,1
خوره,1
بزنین,1
زیارت,1
بنز,1
عصا,1
پیپ,1
تقصیر,1
هدفونم,1
هدفون,1
نمیکنیم,1
ارشد,1
نشئه,1
فلاسک,1
می‌برد,1
هایده,1
درس‌خونی,1
خرازیه,1
مشنگ,1
مبرسونم,1
مننمجبور,1
تویی,1
سایه,1
کیوسک,1
سفارت,1
دیپلماتیک,1
لحن,1
توپ,1
خانووووم,1
ترورت,1
ترسم,1
وایساد,1
ذاتا,1
تلخن,1
انگیز,1
اعتقادت,1
روبه,1
دربست,1
معادل,1
مشتی,1
شدنم,1
فهمیدین,1
میفرمایید,1
نادیده,1
منظوری,1
مدیر,1
ناتالی,1
#عصبانی_نیستم,1
شیرینی‌شون,1
ناتالی-,1
نمیخواستن,1
بزور,1
فروشگاه/رستورانی,1
گیجی,1
کیس,1
كارا,1
ميخواستم,1
آلومينيوم,1
كاراش,1
قويه,1
يسر,1
كنار,1
توكلي,1
فكنم,1
كپي,1
ساده‌تر,1
رضایت,1
اثر,1
ببینند,1
چاق,1
نمیفهمیم,1
نمیوفته,1
سفرمو,1
اکسترا,1
بذارین,1
ساعت۶,1
#دارو,1
تب,1
ساعت۷,1
داروخونه,1
زنگیده,1
روباهام,1
تاساعت,1
۱۰.۵,1
منتظرارسالم,1
زنگیدم,1
فردامی‌فرسته,1
کورونایی,1
دارومیخادنه,1
دیربشه,1
کص,1
آرش,1
آَغال,1
آوردند,1
هردومونم,1
گرف,1
درمورد,1
هرچند,1
آزمایشی,1
برادرِ,1
جانان,1
الهی,1
فدایش,1
رفته/,1
شکوندم,1
مسخررررس,1
عاقا,1
سبزیارو,1
کهشیشه,1
پشماش,1
تایه,1
رسوندنم,1
وباموزیک,1
کیکمو,1
شیرینیم,1
غرفروشنده,1
نا,1
مبارک,1
نرفته,1
`,1
ادمای,1
بیرونش,1
بازن,1
شکارم,1
درتونم,1
میبردتم,1
بوجی,1
موجی,1
پلاستیکه,1
اتفاقای,1
1.,1
نواری,1
انگلیسی,1
بعد6میخواستم,1
3.,1
ومن,1
4.,1
والان,1
5.,1
ثردمهمی,1
رایگیری,1
هازده,1
دارت,1
هاکی,1
فودکورت,1
کلهم,1
قدیمی‌مون,1
کولینا,1
افتتاحیه,1
حیرون,1
آدرس‌ش,1
دیدنم,1
سم,1
آقااا,1
ترمز,1
شالاپ,1
پاشید,1
صورتم,1
مانتویی,1
خشکشویی,1
زوال,1
ردم,1
سویا,1
اتمیل,1
میلف,1
بغلیمون,1
تاسیساتی,1
بلوک,1
روحم,1
پرواز,1
میخندید,1
مثبت,1
واشر,1
روشویی,1
بخشه,1
نباشی,1
درگیر,1
نگفتن,1
قانونه,1
واضحه,1
دردی,1
سوپریای,1
ماراش,1
منتقل,1
کیف‌پولم,1
برای/۱,1
لان,1
پیاز,1
پیازه,1
زعفرونه,1
اناناس,1
لپه,1
یادش,1
تار,1
ناغافل,1
ادویه,1
دعا,1
برایه,1
امروزنمون,1
۲۷۰۰,1
بیستمن,1
نزدبک,1
نمیاره,1
گردوئی,1
ارومیه,1
بیهوش,1
می‌شدم,1
سوسک,1
بالدار,1
ناکجا,1
سمتشون,1
پافه,1
نزد,1
سوسک‌ها,1
دویید,1
سمتمون,1
بالش,1
دوییدیم,1
بستیم,1
میگردیم,1
دعوامون,1
صورتم_,1
گیلتی,1
پلژرم,1
مسیرم,1
افلاطون,1
38,1
ماکتو,1
پلات,1
تجزیه,1
پلاستیکای,1
احیا,1
وسایلم,1
ملاصدرا,1
کلاچش,1
لحنی,1
داغونی,1
آتیش,1
هزینه‌اش,1
تخمتونم,1
خدماتتون,1
۳۰۰۰,1
تقریبن,1
میکردمو,1
گانگی,1
جفتشو,1
گیگ,1
بم,1
مگشو,1
دوتاشون,1
قیمت‌هاشونم,1
روسریم,1
بیوفتن,1
جیبم,1
دئودرانتا,1
برداشتم‌,1
برگردوند,1
خودِ,1
پسرشم,1
بدزده,1
کلیه,1
طبقات,1
۱۴۲,1
حسابتون,1
۱۳۹,1
وضعیه,1
منکه,1
جلوم,1
تعمیرش,1
۳ساله,1
دریغ,1
بکشتمون,1
امیدواران,1
عمری,1
نوح,1
عطا,1
کلاسیک,1
مستنداتی,1
نخوردمش…,1
استشهاد,1
محلی,1
سکس,1
چتش,1
مدرک,1
خریداتونو,1
بععد,1
رویم,1
چاربان,1
سایتش,1
انزلی,1
همینقد,1
پولدارا,1
گرانه,1
پنچره,1
غروبی,1
سربالایی,1
سل,1
آمادگی,1
جسمانی,1
دیوونه‌ها,1
سرمو,1
مبادا,1
سلامت,1
روان,1
همینکارو,1
اشتهایی,1
ایپکچی,1
تخفیفات,1
درمان,1
شوپنهاور,1
نیچه,1
گریست,1
هفتاد,1
دمشون,1
مداریشون,1
روزقبل,1
نیم۳,1
اژانسی,1
نایلون,1
شناسنامه,1
شاهدی,1
پن‌کیک,1
فوودم,1
بستنیمو,1
#کره,1
#تله_پیتزا,1
شده‌ی,1
انقضا,1
دیگران,1
مستقیما,1
#بهداشت,1
ارایشگاه,1
هایپ,1
نخ,1
کرم,1
ضدافتاب,1
دئودرنت,1
نخرم,1
صدهزارتومنه,1
صدتومن,1
بستنیو,1
ایتس,1
اسنپ فودشونو,1
اصلش,1
برگای,1
خزون,1
شادی‌آوره,1
تحقیقات,1
دانشمندان,1
درشتی,1
می‌گفتند,1
یه‌,1
بسته‌شون,1
میتونستی,1
محلت,1
خنثی,1
کسل,1
دیالوگ,1
امرزو,1
ناتوانی,1
قهقهه,1
زنیم,1
جامعه,1
پیشیا,1
حالشو,1
میخندند,1
پرترافیک,1
نمیشم,1
وایمیستم,1
خرتوپرت,1
کصخلم,1
یساعت,1
نگهش,1
کافر,1
کیش,1
تلنگر,1
نذاشتی,1
سپاسگزاری,1
کشم,1
میرسونم,1
خواهی_کرد,1
مخم,1
بیایی,1
تلویزیونمو,1
فروختم,1
١۵٠,1
١٩٠,1
١٩٧,1
سگم,1
تختم,1
دلشون,1
همشهری,1
شنوا,1
تعمیر,1
سمعک,1
فرمون,1
ریا,1
خوشحالیه,1
کوله,1
پشتی,1
",شاید",1
رها,1
فقیر,1
بهزیستی,1
عاشق,1
صفرکشیدنن,1
بلیسیمو,1
مارکت‌های,1
ویژهٔ,1
شاهتوتش,1
اختلاف,1
شکلاتیش,1
مزهٔ,1
طبیعی‌تری,1
طعم‌های,1
هلثی‌فود,1
دیابتی,1
محشرن,1
بغضمم,1
ترکید,1
سرازیر,1
روزها,1
همکارهام,1
ارتقا,1
انسانی,1
اعتراضی,1
متنفر,1
هموطنم,1
لالم,1
آدرسمو,1
غذامو,1
فالوورام,1
قید,1
خراشی,1
اقتصادیمو,1
بسپاره,1
پنیک,1
گففففف,1
جندتا,1
پیچیدن,1
بیخودیه,1
پستمون,1
خانمت,1
ببری,1
می‌‌رفتم,1
تپ‌سی,1
۸.۸,1
۱۰۷,1
تیز,1
کردین,1
پرایدم,1
میلیونه,1
خودموم,1
دربیاریم,1
اصلاحش,1
#فمینیست|ها,1
#تغییر,1
دیرم‌,1
رسوندی,1
حامله‌س,1
خانمتون,1
لاکن,1
100000,1
مثه,1
توییترو,1
پثل,1
برگردم‌,1
لپ‌تاپمو,1
زهرا,1
فامیلا,1
گازشو,1
جونمون,1
میخورین,1
چار,1
۳۷۰,1
لبانت,1
ظرافت,1
شهوانی‌ترین,1
+یه,1
چل,1
اجاره‌ش,1
گردنت,1
صبحانه‌ی,1
خورشید,1
#آخ,1
اورمیه,1
کترینگای,1
کیریه,1
بغلاش,1
عنان,1
گلتون,1
تمیزش,1
مشکلو,1
پایان,1
زیرگذر,1
زرگری,1
پل,1
موتورینو,1
تو‌,1
معالی,1
تپشی,1
افقی,1
۷-,1
۷:۳۰,1
سیرجان,1
شبراز=,1
شبری,1
براتون=,1
پلیس,1
کنار‌,1
سبقت,1
مجاز,1
ماشینشو,1
پارکینگ=,1
سنگم,1
تومنیه,1
نگین,1
نمیگع,1
اقتصادیم,1
دخل,1
بخونه,1
اشتبه,1
ندیدیم,1
لامبورگینی,1
ماشینه,1
لامبورگینیه,1
میلیون‌ها,1
سفارششو,1
زنبیل,1
راهی,1
نزدیکه,1
و‌چهار,1
برگشتنه,1
تازن,1
اتاقای,1
برنداریم,1
کیلوش,1
میشناسی,1
هلیم,1
مسئولیتی,1
رضا,1
شاه,1
روحت,1
متصدی,1
حاج,1
محمود,1
دستیم,1
دفترش,1
ادکلنت,1
فای,1
اخلاقشم,1
مااااه,1
سفرهای,1
حتا,1
متاسفم,1
تجربه‌ای,1
چهارشنبه,1
٢٥,1
حدوداً,1
نيستي,1
حتماً,1
بخورش,1
تشكر,1
اصرارش,1
ترسوند,1
پياده,1
شخص,1
خامنه,1
شبها,1
قلبش,1
وبا,1
آمبولانس,1
آنژیو,1
کرد۲تا,1
رگش,1
اونمهمه,1
گرفتاری,1
خونست,1
و‌پنیر,1
گرفتم‌۱,1
پیامم,1
کاراکتر,1
شات,1
وفادار,1
خریدهای,1
سرتا,1
مقالات,1
هییییچ,1
هاااا,1
کمکش,1
رفاقت,1
معاشرت,1
ظهری,1
جگرکیای,1
عاخ,1
خنکی,1
آبدار,1
فالوور,1
میگرم,1
نمیمونم,1
پارچه‌ای,1
انگلیس,1
یادتون,1
مغازه‌دار,1
شاگرد,1
سربالا,1
دیدنی,1
آجیل,1
رانندگیش,1
حواسش,1
چقدرتوضیح,1
امروزیکی,1
سالمندی,1
ازون,1
نوکیا,1
هاس,1
ندادی,1
توریسم,1
کشیده_بود,1
می‌پرسیدم,1
داغان,1
بشیم,1
ناامید,1
پرسیدیم,1
غروب,1
اومدیم,1
جاتون,1
کتابهایی,1
خوندی,1
خونه‌ی,1
اِکسش,1
کوچه‌ی,1
روبه‌رویی,1
اینجوری‌ام,1
تلوزیون,1
می‌بینه,1
غذات,1
می‌کنی,1
پرده,1
می‌کشیدی,1
پاستور,1
اتمام,1
تراس,1
زعیم,1
کارتمه,1
آژانسا,1
شهرستانیا,1
میکننا,1
پوریا,1
تی‌شرت,1
پروژه,1
فقد,1
صبا,1
ببریم,1
قندیمخانمم,1
لپای,1
سرخش,1
دوستی,1
عشق,1
کونا,1
میپختبم,1
نتونسته,1
نههه,1
حقوقمو,1
الزحمه,1
اسنپ…طعم,1
بافت,1
کلاسیک…,1
عکسای,1
کصشعر,1
دارمرنگهشون,1
مختلفیو,1
فنی,1
راستشو,1
پژمرده,1
کلاهی,1
خيار,1
پوست,1
ميخورم,1
رانندگي,1
ميخوام,1
ميگيرم,1
مرز,1
تنبلي,1
موقعیت‌های,1
مشابهی,1
وقتی/,1
سنگینم,1
دانه‌ای,1
كاش,1
پيك,1
برمخيليم,1
خورش,1
گشادیه,1
قمر,1
الملوک,1
اس‌نپ,1
نمی‌کردن,1
انتقام,1
168,1
ترشی,1
84,1
پارتیه,1
#جمعه_پر_کلاغی,1
یزدی,1
گردنو,1
خدااااست,1
ناشتا,1
کـ,1
پارکه,1
سوی,1
بررسی,1
مفیدی,1
فلکس,1
پلاستیکش,1
جعبش,1
خودتونه,1
کشیه,1
پوچ,1
شقایق,1
هوم,1
ماستو,1
برنامست,1
گلدونارو,1
تمومه,1
خرده,1
نصیحت,1
واسط,1
مصرف‌کننده,1
مقاومت,1
خانواده‌‌ت,1
حمایتی,1
رذلی,1
شب‌های,1
نخوابیدم,1
یه‌جوری,1
۴/,1
ماهها,1
پسرخواهر,1
بیخیالی,1
تاب,1
پالتو,1
سردش,1
نمیدونی,1
سردشه,1
کات,1
جمهوری,1
گیتار,1
ور,1
نمیزنم,1
نمیساعت,1
به‌جاش,1
کله‌پاچه,1
مراجعه,1
نیستیم,1
اتصال,1
خیره,1
مهم‌تر,1
انسان,1
سانتافه,1
وایساده,1
پاشد,1
عطرشم,1
معذب,1
خطای,1
حسابمم,1
انلاینشم,1
یکیشون,1
پاچت,1
گاییدیمون…,1
11:33,1
12:17,1
پنل,1
رووز,1
زشتیم,1
سوس,1
کصنمک,1
دربیاره,1
میوفتاد,1
قفلای,1
پارچ,1
بنظرتون,1
روس,1
قفلاشون,1
میکن,1
شرمناک,1
علیرغم,1
مدیریت,1
؟!!,1
ترشه,1
دماسنج,1
4.5,1
مادرمم,1
4.20,1
سوسیسارو,1
میکرو,1
ارو,1
لا,1
کروم,1
میکر,1
ورداشتم,1
کاکو,1
دوری,1
شگفتی,1
نظافت,1
بها,1
میدونستید,1
مرطوب,1
لکه,1
شیرآلات,1
سمیه,1
کسری,1
تیپش,1
میریخت,1
سلیقه,1
ببرنت,1
یارویی,1
دزدید,1
سرگین,1
پرنده‌ها,1
می‌کشیدم,1
سرسام,1
آور,1
روزانه‌ام,1
مرتبه,1
زهر,1
پرنده‌های,1
میتینگاشونو,1
برگزار,1
#خاطرات_یک_اسنپ_باکسی,1
مرسوله,1
پاساژام,1
مسافتی,1
خوبشو,1
جوابه,1
#خدایا_راهنمایی_کن,1
9,1
درحالیکه,1
2تا,1
6الان,1
9ه,1
نیستی,1
سالمه,1
اسکول,1
قربتن,1
الی,1
شکلاتم,1
نمی‌کرد,1
موهاتون,1
فره,1
بارونیه,1
۷۸,1
پهن,1
بگیرم…,1
دستشو,1
شاطر…,1
دلم‌میخواد,1
پتومو,1
باغ,1
عفیف,1
کنکله,1
تمرگم,1
پنججج,1
تاااا,1
///////,1
شیشمی,1
ودکا,1
طوره,1
دوشنبه,1
معیشتی,1
قاطبه,1
نالید,1
جزوه,1
انداختنش,1
گوشت‌,1
زودکس,1
یلدا,1
پیشکش,1
پاسخگویی,1
خاص,1
خریدار,1
کلامی,1
احترامی,1
ورداشته,1
مالک,1
ترسش,1
کفرم,1
درومد,1
بذارن,1
بزنمش,1
مساله,1
نتونم,1
حقم,1
معترض,1
بارونی,1
یزد,1
مصیبت,1
درمونگاه,1
پاکتیه,1
لیسش,1
خیارشورشو,1
بردار,1
ببخشیدا,1
معتادم,1
خمار,1
حالیم,1
ازتون,1
قلیپور,1
هستا,1
گوز,1
پریدم,1
جسمی,1
بدنم,1
میلرزید,1
۴.۷,1
ساندویج,1
چشمتون,1
زردا,1
بوش,1
حالمو,1
سرمون,1
تمیزی,1
خوبش,1
بگذریم,1
اسنپ‌‌فود,1
نایلونی‌های,1
همیشگی,1
بابتش,1
می‌گرفتن,1
۸.۵,1
"شد,خیابون",1
خلوت,1
چندلحظه,1
?,1
گوشیو,1
پریز,1
۷-۸,1
1میلیون,1
78,1
822,1
تشویقی,1
وبرا,1
شرح,1
نمیارم,1
ناز,1
رجب,1
بخوابه,1
تخفیفای,1
جنس‌و,1
یه‌پولی,1
#کپی,1
خریدکرد,1
خستگیتون,1
همونجاییه,1
موقع‌ها,1
می‌رفتی,1
پایین‌تر,1
می‌خریدی,1
بووووق,1
می‌ری,1
بنده‌ی,1
تعلق,1
اونجاه,1
داداشم,1
فعلن,1
رتبه,1
منظر,1
تهرانو,1
چاپیدم,1
@__aaabi,1
کاپشنتو,1
نپذیرفتی,1
بدمش,1
شویی,1
خانم⁦,1
میخورد,1
خشکا,1
خیالشم,1
پررویی,1
عجیبه⁦,1
-|⁩,1
کاپوچینوی,1
یادگاری,1
کشو,1
کردار,1
گرگدن,1
سنتورم,1
سپاهان,1
سیتی,1
سنتر,1
کارتمو,1
#الوپیک,1
مسئولیت‌پذیر,1
مشتریم,1
باکس‌دار,1
هُلدر,1
“برای,1
من”,1
مرسولات,1
اراکی,1
پذیر,1
اراک,1
نصیحتمون,1
۱۸۰۰,1
پرتی,1
حوصلت,1
نمیتونن,1
معنای,1
واقعی,1
باهاشون,1
بشکنه,1
گریم,1
پرسیدناش,1
ممنوع,1
فلا,1
*پر,1
چیپس*,1
جایگاه,1
CNG,1
طلبکاری,1
خیابونا,1
حرفاش,1
ترسوندتم,1
دوییدم,1
درخالی,1
لذتی,1
لمیز,1
باکارا,1
هیترش,1
چشام,1
زندگیمه,1
قهوه‌ی,1
مکالماتی,1
درباره‌ی,1
توشون,1
مابینش,1
فیزیکی,1
دبل,1
چاکلت,1
مردن,1
”تولد,1
“بیست,1
خسیس,1
درنظر,1
فلانو,1
واسه‌ی,1
چشمش,1
بهو,1
برمیگردی,1
سوالمو,1
خدایاشکرت,1
سینگلم,1
ترک,1
عابرم,1
هایپرم,1
قمه,1
گذاشتیم,1
kmراهه,1
زغالی,1
نشهد,1
مساعده,1
فراوون,1
دمی,1
هلال,1
احمر,1
فروردین,1
بگایی,1
خریدای,1
بکنار,1
تزریق,1
خانمِ,1
نميشد,1
بشينم,1
ماشينش,1
ميكشه,1
كرايه,1
جونش,1
غيرتش,1
خيليا,1
سوارم,1
خوبي,1
انقلابی,1
میلاد,1
بپرسم,1
دارالترجمه,1
سرلوحه‌ای,1
نسل‌های,1
قفسه,1
سینه,1
میگذشت,1
دردش,1
دراز,1
اورژانس,1
قلبی,1
رسید/۱,1
تابستون,1
خورم,1
استانبولی,1
پلاسکو,1
آتشنشان,1
پرستار,1
ترسید,1
سانتر,1
سمند,1
قرمزش,1
گردوند,1
میگرفته,1
گوگولی,1
بودنش,1
ستاره,1
شمارشم,1
عارف,1
دوسش,1
اخلاقه,1
شوهری,1
میچرخونن,1
۱/۴۵,1
بهداشت,1
جنب,1
طالقانی,1
دوز,1
اولت,1
۲/۱۵,1
لادن,1
جوب,1
۲/۳۰,1
منزل/,1
جسارتا,1
بمب,1
آشپزهاشو,1
رسوندم,1
اولیه‌ی,1
می‌خره,1
بس,1
می‌زنیم,1
مزه‌‌ی,1
میومدشد,1
۳۷,1
شدوسط,1
کردبابدبختی,1
۳۹,1
هرکاری,1
کردم۲تومن,1
عابر,1
دیونه,1
شنود,1
یکسری,1
دندونم,1
توهم,1
سنی,1
خواسته,1
وبحث,1
باخستگی,1
روخوندم,1
بازوشون,1
نمیخورن,1
طلبگی,1
کالارو,1
@snapp,1
دستشه,1
همپن,1
گیاه,1
سانسوریا,1
کنده,1
نمیتونسته,1
بیخبر,1
تکرار,1
مدنظرم,1
همانا,1
غیب,1
اخرین,1
نابکار,1
فساد,1
جولان,1
نرخی,1
رفتاری,1
کمدی,1
ادعای,1
میلیارد,1
دلاری,1
اپشون,1
اینان,1
گاهي,1
خريدامون,1
فرد,1
ميخريديم,1
ميكردن,1
خريدا,1
ميخورد,1
نهارم,1
فالی,1
طلبت,1
آدرستون,1
@marzie_,1
خاطرهء,1
حضور,1
توییتریشه,1
امیدی,1
می‌گی,1
لر,1
حروم‌زاده‌ی,1
مادرجنده‌ی,1
پرایدسوار,1
ابد,1
منتهی,1
بگ,1
همراهمه,1
رهسپار,1
۲ماه,1
اوربان,1
شهناز,1
آبرسان,1
کارامل,1
طالبی,1
پروین,1
اعتصامی,1
پاسی,1
لحظات,1
می‌ترسم,1
فکرمیکنی,1
جذب,1
بیکار,1
کاسب,1
خریدهام,1
باادب,1
الو,1
زداینم,1
سق,1
علاقه,1
آغاز,1
تهوع,1
گرخیده,1
انمو,1
مبدا,1
نتمو,1
دستامو,1
بشورم,1
مفصل,1
خاس,1
خااس,1
بانکیم,1
#غر,1
چهاره,1
خوری,1
طلاقم,1
اَه,1
مریم,1
نمی‌خونه,1
ندزدی,1
خریداتو,1
بدزدم,1
می‌خوری,1
برم‌,1
سیگارو,1
بگریم,1
ساله‌امون,1
کار‌هاشو,1
التماس,1
سوئیچو,1
می‌زنی,1
می‌کشی,1
آبجی,1
دانشجویی,1
باراونجا,1
برداشت,1
تکنولوژی,1
پیشرفت,1
گشادیم,1
خندان,1
۶۵.,1
هلو,1
انجیری,1
یه‌جا,1
پفیوزی,1
واگیر,1
خطرش,1
روخدا,1
بود^^,1
خداشاهده,1
پارتنرم,1
bakery,1
مناسبیه,1
نون‌های,1
inefficiently,1
کروسان,1
مثلاً,1
هلک‌,1
هلک,1
هیئتمون,1
سوالو,1
سپاه,1
یزید,1
حسین,1
ع,1
بستش,1
جوابارو,1
دستبند,1
بشر,1
نخواستن,1
لولوا,1
نخورنت,1
زبونی,1
دیوانه,1
راننده‌اش,1
یکی‌شون,1
فرمونم,1
پدسگا,1
وااااااای,1
بیارین,1
خایمااااااااااللللل,1
زدهههه‍هههه,1
نکوهش,1
کردههههه,1
کردهههههههه,1
کسخل,1
خایمالتبیکبکببنبنژمنزنطنژنطنططمم,1
برگشتشم,1
برگزدم,1
نامگذاری,1
مژه‌هام,1
گوشتش,1
انگاری,1
کتابم,1
دوچرخه,1
سه‌ماهه,1
فرهیختگی‌م,1
رگ‌به‌رگ,1
@_frizzle__,1
چپش,1
معلولیت,1
پینه,1
اینترنت‌و,1
تهرانه,1
واضح,1
تفریحات,1
فرقشه,1
دیزی,1
سرشهر,1
اونورش,1
خایه,1
کرمان,1
مهربونی,1
جیره,1
مواجب,1
نیازمندا,1
بزارمش,1
ویویی,1
پکیج,1
بفروشم,1
پدرش,1
اوضاعت,1
ودرامدش,1
بورس,1
دزدیدن,1
برعکسم,1
نقطه,1
لپتاپ,1
به‌صرفه‌تره,1
#واتساپ,1
آپلود,1
هرجور,1
صلاح,1
می‌دونی,1
لابه,1
لای,1
کارکردن,1
۵تا,1
نکرده_باشم,1
ویک,1
خوشبختانه,1
رستورانا,1
شرفش,1
نزدیکیاست,1
اشکالی,1
چنددقیقه,1
شدین,1
چوبی,1
نخورید,1
مشدی,1
باتری,1
پایه,1
همینکه,1
دما,1
۴۴,1
نمیرفت,1
باخنده,1
بود⁦⁩,1
اینترنتم,1
قطعی,1
پریدن,1
آنتنها,1
شاکی/بچه‌زرنگ‌بازی,1
فهمم,1
تاریک,1
21/2,1
وسطاش,1
شرمنده‌ایم,1
نمونید,1
بیت,1
رهبری,1
دیسکورد,1
شطرنج,1
دولینگو,1
لِوِل,1
بخونم,1
جلویی,1
پذیره,1
حملش,1
پیچوندن‌های,1
فسفری,1
نارنجی,1
کمیاب,1
مخمل,1
زرشکی,1
جزو‌,1
معدود,1
شیرینی‌ها,1
شوشتر,1
قلیون,1
سرک,1
ماشین‌و,1
پفک‌و,1
آب‌انار,1
رااااه,1
خواهرمو,1
مامانمم,1
درمیاریم,1
#حلال_خور,1
هرچقد,1
آواز,1
مولانا,1
بخونیم,1
پ‌ن,1
همجسنگرا,1
تائید,1
315,1
جنتلمن,1
نشست,1
١۰,1
قورمه,1
عمانی,1
میگرفت,1
نبردم,1
نبندی,1
مادران,1
پاهاشو,1
جونی,1
شبم,1
لهو,1
لعب,1
پرونده,1
خسته‌ام,1
>>>نون‌های,1
خارجی/کروسان,1
خيابونه,1
ديرتون,1
نميشه,1
باشيد,1
ببخشيد,1
#خوب_محال,1
خاطرشو,1
شركت,1
الوچه,1
سفيه,1
بيكاريه,1
اونسريم,1
جدي,1
مدارس,1
تعطيل,1
كجا,1
اومدي,1
فك,1
شيش,1
ميزنم,1
ك,1
ايده,1
دربارم,1
ديرم,1
قد,1
كف,1
دنيا,1
استوپ,1
مُردممممممم,1
پُر,1
افتم,1
هيجان,1
يادمه,1
ناشناسم,1
توئیتی,1
ذره‌ای,1
لیتری,1
واقعیش,1
متعاقبا,1
خواهد_شد,1
زین,1
پولامم,1
#ReMind,1
مظلوم,1
میبردمت,1
بودجه,1
برگردی,1
۸و,1
آهنگی,1
دوتایی,1
دعوتیم,1
مهمونا,1
VIP,1
دستکش,1
آمریکام,1
#اسنپ_vip,1
رفته_بودیم,1
توچال,1
کیم‌ا,1
رودربایسی,1
۷.۸,1
سفرش,1
ا,1
پرینتامو,1
وفت,1
تسلیت,1
مات,1
فکرم,1
مارمالاد,1
ابروهامم,1
ظرف,1
چیدم,1
قشنگمو,1
ببرتت,1
برت,1
صمون,1
زَرگَنده‌ست,1
مناطق,1
وسیعی,1
ناپلئونی,1
نزدیکترینشو,1
۳۸,1
هیچکدومشو,1
نزدیکتره,1
نگفته,1
بى,1
شيرينياشو,1
قايم,1
اى,1
همکلاسیام,1
سرگیجه,1
نشسته_بودم,1
نمی‌دید,1
nامین,1
خدافز,1
پناه,1
آدمایی,1
صورتشون,1
باند,1
آموزنده‌ای,1
جلوت,1
کنارت,1
طولانی‌تری,1
دنا,1
پلاس,1
توربو,1
دنده,1
دهنه,1
ازبوی,1
لاشه,1
پشته,1
تسلیم,1
چیزهایی,1
وحشت,1
بهترینه,1
ویش,1
لواسون,1
آهنگ‌های,1
موردعلاقه‌ی,1
بستنی‌فروشیه,1
کلمه‌ای,1
میشکنم,1
نیمرومو,1
تهرانی,1
شکلی,1
نمیترسم,1
ازینکه,1
نامزدم,1
سالمن,1
هفترم,1
انصافه,1
نموند,1
نظرسنجی,1
بهبود,1
دفعاتی,1
مَپ,1
قلات,1
لفتش,1
کجایی,1
علف,1
دمه,1
چکاری,1
هنرجو,1
رمضان,1
مچاله,1
نسخه‌ام,1
زحمتکش,1
#آبان_,1
دیسفان,1
لته,1
دادمو,1
نخوردیم,1
کیفی,1
دستتو,1
خندیدیم,1
@1Z,1
484,1
اتوبوس‌های,1
بی‌آرتی,1
یه‌عده,1
مقصرن,1
ماله‌کش‌ها,1
می‌گن,1
تقصیره,1
مردمه,1
حالی‌که,1
کشورهای,1
جنگ‌زده,1
#نه_به_جمهوری_اسلامی,1
تئاتر,1
صلح,1
الف,1
دبیرخونه,1
گشنمونه,1
رفیقمون,1
جمال,1
ارسالش,1
زورکی,1
پوزش,1
میطلبیم,1
@digikala,1
كمتر,1
ديقه,1
مبلغي,1
يارو,1
بيداد,1
چيه,1
بدي,1
رفتارها,1
#کار_خوب,1
نونهاش,1
العادست,1
جوش‌شیرین,1
افزودنی,1
زیادش,1
#نانوایی_عالم_تاج,1
کمربندمو,1
پاکتی,1
پاستوریزه,1
اسنپچرت,1
توپیدم,1
حسابشو,1
مسدود,1
خواستن,1
شدیدی,1
سختگیری,1
کامیون,1
زیرمون,1
جفت,1
لاستیکای,1
عقبش,1
بشینید,1
فریبرز,1
#نون_خ,1
ایناییه,1
میگیرتشون,1
وجودم,1
میپرسید,1
دوسپرت,1
خاستم,1
ناموسه,1
#اسنپ_تریپ,1
کانفرم,1
غریب,1
حسابداری,1
پشتبان,1
بازمون,1
شیرینو,1
زار,1
روتین,1
سفرای,1
ترینشون,1
۳.۲۰,1
اونیکی,1
دوستمون,1
۴.۲۰,1
شور,1
بیل,1
گیتز,1
فکری,1
یافتن,1
منمدنبال,1
شمارو,1
گوگل,1
روستا,1
سجاد,1
کیمیایی,1
مشریامون,1
پیرزنی,1
قامت,1
نحیف,1
”پسرم,1
شک,1
برگردون,1
۵٠,1
۱٠٠,1
کسخلم,1
کشاورز,1
بوم,1
کوچ,1
کاریم,1
دروازه,1
ورزشی-تفریحی-,1
آموزشی,1
لیاقت,1
#مادر,1
نازنینت,1
کادوی,1
#روز_جهانی_زن,1
پسرم,1
بهنام,1
شیان,1
بخير,1
چندسال,1
پيشا,1
اولين,1
لوگوي,1
فوکوس,1
ماسکو,1
عکسو,1
صبحه,1
ذوقش,1
عمیقا,1
شکستم,1
سیگاری,1
میگرفتی,1
بینظیری,1
آغوشی,1
برده_باشی,1
ایرانه,1
لباسمو,1
نجس,1
باهات,1
دیرت,1
خمینی,1
گوشته,1
گوشتشتو,1
چن,1
تشویقش,1
نمی‌دن,1
زن‌ها,1
روسری,1
مرهایی,1
می‌رن,1
بندازیم,1
رشته‌‌کوه‌های,1
البرز,1
جنوب,1
مازندران‌اند,1
تلوزیونم,1
خوندن,1
نظریات,1
مشعشع,1
راننده‌ها,1
افتادن,1
نباشم,1
فرمودند,1
داریا,1
عادیه,1
شالمون,1
بیوفته,1
هرموقع,1
سربه,1
وگیجی,1
وتعطیلی,1
خودتونوبسنجید,1
بامن,1
برادوستم,1
ازیک,1
افتادچک,1
یانه,1
روبرد,1
اسنپو,1
نداده_بودم,1
ولنتاینی,1
شجاعی,1
نمی‌ترسه,1
زنی,1
خشنودم,1
چربی‌سوزی,1
عصرها,1
تپل,1
دلی,1
چشمی,1
اشک‌آلود,1
چرخی,1
شیرینی‌‌‌ها,1
شیطان,1
وسواس,1
خناس,1
هیچ‌کس,1
نخری,1
می‌فهمه,1
صدبار,1
نمیگرفتم,1
غذارم,1
سوپرم,1
سوپرمارکتامون,1
نمی‌خری,1
کارتم,1
مجبورش,1
پیاده‌م,1
بکشی,1
میخابم,1
هیچکدومشونم,1
امروزیه,1
حلالش,1
راهشو,1
سرعتشم,1
اقتصادیه,1
دیدید,1
خودبه,1
کلینکس,1
ذرتی,1
آدم‌های,1
کتابخوان,1
حرفه‌ای,1
#مرتا,1
مرورنویس‌ها,1
بلاگرها,1
#کتابنده,1
مرتاست,1
کتابنده,1
زنداییم,1
داییم,1
خاستگاری,1
مردمو,1
لاز,1
سوپرا,1
پرفروشه,1
رقیب,1
سطح‌ها,1
عای,1
مختلفن,1
اونجوری,1
محلتونو,1
تیمشون,1
دوبارتماس,1
بستنیم,1
کمپانی,1
محترم,1
مداریه,1
۲/۲۲,1
۲/۳۲,1
تلفنو,1
پسفردا,1
میخورمو,1
سریال,1
پاسخ‌دهی,1
کرده‌ام,1
همکارانم,1
و‌پیگیری,1
اسلامیه,1
بعضا,1
بانکها,1
سودِ,1
خصوص,1
متضرر,1
اعم,1
خسارته,1
عظیمی,1
بزرگواران,1
وحید,1
گاها,1
خونگیه,1
متریالش,1
چگالی,1
اسفنجی,1
سنگینه,1
طعمه,1
رو‌میگیره,1
نمی‌خورم,1
بستنی‌‌,1
تهرانین,1
معمولیا,1
تنهاییم,1
شکار,1
بازاری,1
گفتش,1
نفروشن,1
میزارمو,1
نثارش,1
حقّ,1
ازای,1
مسأله,1
توازن,1
خواست‌ها,1
هزینه‌ها,1
نشود,1
علی‌القاعده,1
گمانم,1
یواشکی,1
نمی‌کند,1
پارتنری,1
معلومه,1
سرشون,1
تیک,1
ناخوداگاه,1
کِرم,1
زر,1
نرین,1
#بریکس,1
#رئیسی,1
واقعاً,1
مادرجنده‌ای,1
ازاد,1
چیچکلو,1
میرفته,1
تویه,1
احمقی,1
لایک,1
جوابگوی,1
درمیارن,1
کصشعرای,1
بدبینی,1
ربوده,1
۴نفر,1
انچنان,1
میتواستن,1
زنه,1
دوتاشونو,1
بدفرم,1
لگد,1
چیکاره,1
تابع,1
بپوشون,1
موهاتو,1
نوازنده,1
سوپرمارکتم,1
فلانقدر,1
تخفیفش,1
خریدتراپی,1
وایسادی,1
شونصدتا,1
بوق,1
می‌زنن,1
می‌افته,1
تاکسی/اسنپ/تپسی,1
تبلیغاته,1
؟؟؟؟؟؟,1
بیااااااا,1
‌کل,1
نفوذ,1
اح,1
نوکیفیکشن,1
نمیخوااااااااااام,1
ضد,1
اسنپ فودتون,1
۹۷,1
می‌گید,1
اوضاعمون,1
بی‌زحمت,1
موقع‌تونم,1
سکه‌ی,1
جوک,1
لدفن,1
پری,1
کارواش,1
غیرضروری,1
ازینم,1
دارا,1
اونطرف,1
اینطرف,1
گپ,1
نذر,1
برسونمتون,1
[,1
داشتنی,1
زیادند,1
],1
۱.۸,1
همین‌طور,1
جنس‌های,1
نمیفهند,1
شوید,1
فاجعه‌ای,1
اجرای,1
غیرکارشناسی,1
#آبان,1
سهمیه,1
نخواهد_شد,1
آبها,1
آسیاب,1
۳برابر,1
چندوقتیه,1
بحمدلله,1
حدودی,1
شمام,1
شباهتی,1
مطلق,1
مثالا,1
سقوط,1
مهمه,1
دلیلش,1
خشونت,1
فرستادنم,1
/مامانم,1
بیس‌چاری,1
مادرشوهرش,1
اعتباریم,1
۵روز,1
پیش‌خور,1
همراش,1
هیچچچ,1
دکه,1
نبات,1
مشتريا,1
تنورو,1
ساپلای,1
چیزارو,1
میفرسته,1
کاربرد,1
مثبتی,1
۲۰.۲۹,1
کپک,1
بنویس,1
پشتیبانتونو,1
آموزش,1
صحبتاشون,1
قانع,1
کاغذم,1
صلاحیت,1
حلقه,1
گردنم,1
بخود,1
انداختنم,1
بزرگتر,1
پشم‌‌‌,1
بقول,1
پودر,1
پرسیل,1
شویندگی,1
مناسبی,1
هک,1
هالزیم,1
ردش,1
کلیپی,1
دیدین,1
ندین,1
جلوشو,1
صبحانه‌م,1
نمی‌دونست,1
نانواییش,1
گوشی‌ها,1
اینترنتهای,1
میپرسی,1
جلوتر,1
منظورشون,1
نیز,1
علنی,1
میکند,1
نمیتوان,1
میتوان,1
مواردی,1
اخذ,1
میتوانست,1
محاسبه,1
/۲,1
کالاهای,1
منظم‌ترن,1
شناخت,1
کشوندن,1
پاتیلن,1
سیگارمم,1
مناسبت,1
#روز_پدر,1
بیدارتون,1
سوئیس,1
خداییش,1
سربلندی,1
تنهای,1
بارکش,1
غول,1
یچیزایی,1
بدلیل,1
کهولت,1
سنش,1
گفتيد,1
توييت,1
خدايي,1
دادنش,1
بيراه,1
كامنت,1
امكاني,1
مريضه,1
يعني,1
گاهى,1
شرم,1
آوريم,1
نمیکنن,1
وبسایت,1
یخی,1
برزیلی,1
هوام,1
فرمانداری,1
کارون,1
زمانم,1
فامیلی,1
جنسش,1
کماکان,1
ادعا,1
هفته‌ای,1
مسئولیتش,1
۳.,1
می‌رفت,1
میگرفتیم,1
قیمتس,1
درآمدم,1
نیازهای,1
پوشاک,1
وایمیسه,1
دولتی,1
هرمه,1
واینمیستادن,1
نبودم,1
میخواسته,1
پیرت,1
اسنیف,1
خودشیرینی,1
جار,1
#کونی,1
نسخی,1
Marlboro,1
عر,1
میندازی,1
رفتنت,1
ماگ,1
نمیرسم,1
دیره,1
611,1
21000,1
9200,1
6500,1
36700,1
قرص,1
501500,1
زدید,1
485800,1
15700,1
#SnappExpress,1
لوف,1
هچ,1
درازتر,1
۸عدد,1
زاپاس,1
بقیشم,1
قوت,1
سرِکارم,1
۸۶۰,1
۰۰۰,1
سرِ,1
قبضی,1
اقلامی,1
تراکنش,1
آرایشگاه,1
فیبروز,1
ابرو,1
وراثت,1
وزنی,1
مسایل,1
جریانش,1
باکست,1
می‌کردی,1
ندهم,1
مشکلتان,1
خودتان,1
مطرح,1
۱۶:۴۷,1
۱۸:۱۵,1
مهمونم,1
بی‌دردسر,1
شین,1
تخفیفی,1
مشاور,1
هواپیما,1
بگا,1
بدبختا,1
ترسناکیه,1
ایستاده‌اند,1
مرتکب,1
خبط,1
بیشتری,1
متمرکز,1
می‌تونی,1
احراز,1
هویت,1
مشخصات,1
تطابق,1
لاشی‌بازی,1
بيخيال,1
مملكتو,1
كنن,1
فلك,1
هرچي,1
شتر,1
كاسبي,1
خوابيده,1
چي,1
اينكارا,1
؟؟!,1
برنمیگردونن,1
۹۲۰۰,1
۲.۸,1
میبخشم,1
عیار,1
اعتبارشونه,1
دردت,1
آیتمها,1
برگشته,1
نمی‌تونست,1
نمی‌شدن,1
رسیدی,1
عادی‌سازی,1
غریبه,1
خطرناکه,1
می‌تونست,1
تجاوز,1
سرسفره,1
ناس,1
مديريت,1
وپيگيزي,1
ووقتى,1
فهميدن,1
عمدي,1
خواهى,1
برميخوره,1
اكه,1
شاخ,1
مقابلتون,1
بدين,1
خواهرزادم,1
خانومش,1
كدو,1
عدسي,1
آبميوه,1
نشن,1
دقيق,1
شكر,1
اولم,1
مهربوني,1
مريضن,1
عيب,1
الا,1
شمارم,1
مريض,1
روحي,1
امتیازاتو,1
اگرم,1
میصرفه,1
کتابارو,1
تکی,1
طاقچه,1
عبارت,1
استانداردی,1
اسنپفود,1
پایینی,1
نفع,1
واللللاااااااا,1
همیییییشه,1
تااااا,1
هیچوخ,1
میلیاردی,1
عااااالمه,1
محتاج,1
لاقل,1
البت,1
الگو,1
هیشکدوم,1
کارتون,1
هرجایی,1
بازیکنش,1
مصاحبه,1
ناگاه,1
دربی,1
پاداش,1
انتقالاتیش,1
معوقات,1
دیاباته,1
بسته_شد,1
مطالبه,1
گر,1
نباشیم,1
تضعیف,1
مون,1
حدودای,1
۱۱:۰۴,1
#اسنپ‌_فود,1
۱۲:۲۱,1
نشده_بود,1
اسمسی,1
شده/,1
۶کا,1
پیکا,1
رستورانای,1
فروشنده‌‌ی,1
دیجیه,1
شیوع,1
اینترنتتو,1
عقلتو,1
سودت,1
احساساتشون,1
بقدری,1
بصورت,1
زمانبر,1
رویه,1
همست,1
گرفتار,1
نمونه,1
زورگیری,1
نشویم,1
موکول,1
ضمنا,1
خم,1
میکشند,1
انداختی,1
کارگری,1
بازو,1
مزد,1
بی‌شرفی,1
مطمئنم,1
درامد,1
سرکارم,1
شارژرمو,1
وسایلمو,1
هله,1
هوله,1
صبح‌,1
اعلام‌نمودم,1
نمیااام,1
همراهی,1
نمودن,1
زحمتشو,1
عصرانه,1
هد,1
اشو,1
اسنپ فودی‌ها,1
یوهویی,1
اسطلخ,1
ایششش,1
عرق,1
خور,1
الآنم,1
برانچ,1
آواکدو,1
گوزبری,1
حسن,1
لاو,1
یو,1
منظورش,1
اينترنتي,1
رسيدن,1
مودالی,1
وسطه,1
بردارید,1
مزاحمه,1
عمدی,1
می‌فرستم,1
بادوم‌زمینی,1
صبحونم,1
بفهمم,1
قربونتتتت,1
مفرح,1
انداز,1
مختصری,1
پلن,1
پیکای,1
مکان‌های,1
مسقف,1
فلسفه‌ی,1
می‌مونه,1
میدارم,1
پاستیلشو,1
برادرزادم,1
مغز,1
پسشون,1
مهندس,1
مکانیک,1
مردشور,1
خیاطی,1
روزگاریه,1
دیپلم,1
ترمی,1
شبشون,1
بمونن,1
ایرانبا,1
خوندنگوهم,1
خانواده‌ش,1
قابلمه,1
قرنطینه‌ام,1
قمی,1
سنگییین,1
خندمو,1
راجبه,1
کوثر,1
قم,1
کثیفتو,1
آلوده,1
جالبيه,1
مدتيه,1
درگرفته,1
شكلى,1
غم,1
انگيزه,1
متفق,1
شركتى,1
خصوصى,1
كارگرانش,1
اونها,1
بسيجى-سركوبگر,1
تبديل,1
احمقها,1
ميتون,1
گروگانه,1
قربانىِ,1
#تحريم_اسنپ,1
نمره‌ی,1
بگیریدش,1
خودشونو,1
جامعست,1
پایینا,1
نسیه,1
رستورانه,1
شایع,1
گیره,1
مقنعه,1
پشمم,1
نزدیگه,1
مزنه,1
اپل,1
دلالی,1
مازراتی,1
و‌پورشه,1
ولو,1
گلوشونو,1
تابوت,1
سرناچاری,1
اينكارو,1
ميكردم,1
منتها,1
ميرم,1
آشپذي,1
ميخرم,1
كلن,1
نميگيرم,1
قاعدتا,1
کنند,1
شکایتی,1
سامانه,1
شکایات,1
مجازی,1
گردید,1
بودید,1
برایتان,1
آزاری,1
وارنگ,1
حکایات,1
ناشدنی,1
۲۳:۲۶,1
اسنپ‌اکسپرس,1
۰۰:۲۰,1
۰۰:۳۵,1
بیدارم,1
س,1
تعطیلین,1
وقتم,1
72,1
سیرکه,1
ازنونوایی,1
بسازید,1
خلاق,1
هرسال,1
پنیرشون,1
قطعات,1
ماشینشون,1
پیکان,1
سوپرمارکتای,1
معدشون,1
حساسه,1
حرمت,1
مملت,1
رفیق,1
دنیامون,1
کارنمیکنیم,1
هیچوقتم,1
لنگ,1
شبت,1
یادشون,1
میفته,1
دوشون,1
ملتی,1
اتحاد,1
خودرو,1
هجوم,1
بی‌تفاوت,1
عاجزند,1
تشویق,1
بلدن,1
مقصر,1
سبزی‌ها,1
برنامه‌ریزی,1
بخرین,1
اونچه,1
بازارهای,1
اطرافتون,1
باهاتون,1
ایرادش,1
تنوعش,1
کاهو,1
ساختار,1
پولدارها,1
پولدارتر,1
فقیرا,1
فقیرتر,1
لیبرال,1
جدایی,1
دین,1
مزخرفات,1
موتوریا,1
ثروت,1
عرب,1
کوردها,1
نژادهای,1
فارس,1
اولي,1
زندگي,1
مشكل,1
اا,1
زندگيش,1
نخوره,1
موقعيت,1
ميذاشت,1
درامدت,1
كمه,1
باشي,1
بستني,1
ميهن,1
كاركنه,1
حراج,1
روزش,1
بندازم,1
موردنیازی,1
کاندوم,1
تخفیف‌خورده,1
رو‌به‌رو,1
ابمیوه‌م,1
سرپا,1
می‌شناختم,1
برندهاش,1
تلفنیش,1
دولا,1
پهنا,1
بی‌خیالش,1
حوصله‌,1
لبنیاتیه,1
قبولش,1
فالوده,1
۳-۲,1
خرجمه,1
آشپزی,1
ندزدنشون,1
سیار,1
ندزدن,1
گرونههه,1
همه‌جا‌,1
كلا,1
يهو,1
اپليكيشن,1
زارم,1
همسرش,1
@snapp_box,1
خامرو,1
انتقادها,1
می‌بینیم,1
انتقاد,1
می‌نالی,1
نخر,1
لیزر,1
گاااااد,1
چمه,1
3/,1
تاجایی,1
گهگداری,1
هدفم,1
جارو,1
الکترونیک,1
انقده,1
رسانی,1
نگیرید,1
مخدری,1
مستعار,1
مشکوک,1
مخالف,1
دزده,1
میدزدمش,1
قربانت,1
ميتونم,1
شخصیت,1
می‌ایستم,1
مستراح,1
نمیصرفه,1
مجبوری,1
پفیوزا,1
فشارم,1
عالم,1
بالاتره,1
درصورتیکه,1
سیما,1
میخوردیم,1
دوسدارم,1
صدف,1
قبلشم,1
بقچه,1
این‌روزها,1
فصل,1
هستیم,1
ماشین‌ها,1
دلسوز,1
نمی‌دیم,1
نظارتی,1
داشته_باشیم,1
بخواهی,1
۵۸۰۰,1
پیجت,1
ری,1
شعور,1
+ایمن,1
احتیاط,1
+تلفنم,1
+دوستم,1
+با,1
آهنگش,1
+آخرشم,1
دعای,1
خیرم,1
سرهم,1
وانت,1
متعجبم,1
قربونت,1
شبکه,1
داخلی,1
ایتا,1
سروش,1
قانونی,1
می‌توانند,1
نونواییهای,1
سنگکاشون,1
ناموجود,1
میگف,1
غریبی,1
یارانه,1
45,1
4800,1
42,1
نگردم,1
بکنین,1
بمونیم,1
دراومدم,1
چیکه,1
اقل,1
لقمه‌ی,1
کوکو,1
کویرکویر,1
نخورم,1
دانشگاهمون,1
لوته,1
این‌ها,1
مضاعفه,1
تاکسیا,1
کرایشون,1
ساعتیه,1
ماهیانه,1
۵۶۰,1
براساس,1
زندگیه,1
درستتت,1
سپاهه,1
باج,1
رانت‌خوارن,1
استثناء,1
ادمو,1
حاضرم,1
قطعاً,1
صفرِ,1
درصورتی,1
ببندید,1
درشو,1
دودش,1
هاتون,1
گلوبندک,1
الات,1
‌تومن,1
ماده,1
چشم‌های,1
تعدد,1
قطعیت,1
#اکالا,1
تجربیاتم,1
منت,1
ایش,1
اوش,1
دِ,1
فاااگ,1
صبورانه,1
ماندند,1
ملایمت,1
ببندد,1
گرسنه,1
شده_بودم,1
میخام‌,1
همانطور,1
واکسیناسیون,1
کاملاً,1
راهنماییم,1
pmsام,1
زورخونه,1
میفروشه,1
استادم,1
آخرم,1
روانم,1
آسوده,1
دبیری,1
بخورنمیر,1
بچرخم,1
دوستانم,1
حسابدارن,1
راضین,1
مسیرش,1
نمیتونید,1
تردد,1
سرمانخوره,1
آشغالشونو,1
ریختن,1
حرص,1
زیرلب,1
بی‌شعورن,1
شعورن,1
کابلو,1
وضعیتم,1
رکورد,1
تخم‌مرغ,1
کرمم,1
محصولات,1
برسونین,1
برنگشت,1
راحتیه,1
خرده‌ای,1
سوالهای,1
تکراری,1
پشتیبان‌ها,1
نمیشدم,1
واردن,1
هروی,1
کاربرا,1
کمتری,1
میشناسن,1
میدونن,1
نزنم,1
؟!؟,1
بدیش,1
میرسی,1
رسیتال,1
می‌خواستیم,1
بچه‌ام,1
رمزم,1
کارتت,1
بالکل,1
گرفته‌ایم,1
نمیذارن,1
خریدنمون,1
تکلیف,1
خاصي,1
ديدي,1
طرحش,1
حلوا,1
ارد,1
تهرانیها,1
خرند,1
حقیر,1
۷۵,1
۲۳۰۰۰۰۰,1
زیادفرقی,1
کلافه,1
میخریدم,1
آدرسارو,1
نفهمم,1
تبلیغش,1
دورترین,1
نقطه‌ی,1
گمنام,1
روزای,1
هاقدیمی,1
شدندالان,1
واینکه,1
رونبایدبرید,1
ازکجا,1
حامیان,1
خودروسازها,1
جلوگیری,1
ازورود,1
خودروباکیفیت,1
ازبیکاری,1
کارگران,1
میسازند,1
خردخودتی,1
ضمناهرحرف,1
رونبایداطاعت,1
#نه_بحکومت_مذهبی,1
دانشجو,1
اروپا,1
کونم,1
برابرش,1
خداست,1
درارم,1
حلبی,1
کیری,1
پروتئین,1
موردنیازمو,1
خارجه,1
خوشگلم,1
ماجراهای,1
نمیشن…,1
جنوبی,1
چنگ,1
پرتش,1
وایمیسم,1
باورشون,1
تریاک,1
کرونامیشه,1
امروزرفتم,1
رادیولوژی,1
اسکن,1
کردباتو,1
معتادشی,1
استااااد,1
جَودادن,1
قابلیت,1
نداده_است,1
اوپراتور,1
گیرد,1
پرسد,1
بریزیم,1
موت,1
نخواهم_کرد,1
دوراهی,1
جانبی,1
لپ,1
ریتوییت,1
فعالي,1
نيس,1
يكبار,1
دريا,1
نخواد,1
قهوش,1
نزدیکترین,1
بازه,1
شیطونه,1
دانمارکی,1
بشوره,1
لانت,1
جرثقیل,1
چی‌کار,1
جوابمو,1
نمی‌دین,1
فیک,1
ترانه,1
فاز,1
همینا,1
یکجور,1
ویروس,1
اژانس,1
سرویسی,1
تامپون,1
شرکت‌هایی,1
یکدونه,1
صدور,1
شصت,1
بازگشت,1
سالی,1
نخوری,1
درش,1
سورپرایزش,1
علاقش,1
نابود,1
تپه,1
>,1
بخرمبه,1
همکارا,1
استرسم,1
سرتایم,1
نرسه,1
فهمیده_بود,1
انگیزشی,1
استرست,1
پراز,1
انرژی,1
مثبتن^_^,1
روزایی,1
میرداماد,1
ازونجام,1
سوز,1
سرما,1
نفسمونو,1
حبس,1
نبش,1
زمستون,1
نظافتچی,1
دکترم,1
ترقه,1
ترقی,1
دورم,1
حقیقتش,1
امضا,1
کلاهبرداری,1
مسافرکشی,1
ضررش,1
بفرستی,1
لبنیاتی,1
خدم,1
نیاره,1
دردسره,1
نمیگی,1
شبی,1
خوبیم,1
نیت,1
برموندا,1
خرخره,1
مدرسو,1
بریم‌,1
بابل,1
مسیریابیش,1
صفره,1
نسیبمون,1
صافمون,1
فرصتی,1
گرایششون,1
دلار,1
+بابا,1
رباط,1
-لاشه,1
رانندگان,1
بوژی,1
امین,1
میریزی,1
حلق,1
قزمیت,1
نحس,1
آزار,1
اذیتشون,1
میبری,1
کثیفید,1
#ارزشی,1
#بسیجی,1
#ولایی,1
فرزند,1
لیسانسه,1
پیروزی,1
کلتو,1
دربیار,1
ویزیت,1
بکشیم,1
واشو,1
بپوش,1
نگو‌,1
رای,1
مردمیم,1
رژیمیم,1
بلندشد,1
پنیرخوردیم,1
چندشب,1
میایی,1
لایو,1
لوکیشنشو,1
می‌فهمیدم,1
بازاره,1
دیگری,1
میذاشتیم,1
یهویی,1
نو,1
امکاناتش,1
نپرونه,1
ئه,1
#HelloAgainCHEN,1
#WelcomeBackCHEN,1
اآقا,1
مسافرارو,1
فاطمی,1
کارمندا,1
نوبتی,1
اشکالش,1
هفتس,1
روچرااینطوری,1
خوردش,1
کالاوکلا,1
دروپیکر,1
شمابتونید,1
ایناانقدراحت,1
سرمردم,1
توشب,1
لم,1
تلویزیون,1
بقیه‌اشم,1
لرز,1
مردددددددد,1
نخورررر,1
امشبووووو,1
ولله,1
دوغزال,1
خطی,1
ترخیص,1
بچه‌اشو,1
بدهکاره,1
دستپاچه,1
نشید,1
داروهای,1
سرطانی,1
ژانر,1
دیگه‌اس,1
میشناسید,1
کسخول,1
نچپونن,1
asnap@,1
عمرا,1
محيا,1
ارده,1
میوفتن,1
کارتتو,1
خیلیا,1
سرکلاسا,1
بوفه,1
بخوان,1
میذارن,1
آلبوم,1
مرچ,1
پسرارو,1
حسودیم,1
معلمشون,1
آرمیه,1
چمدونم,1
bt,1
21,1
میبینن,1
چطوررر,1
هیتر,1
دعوتش,1
بخورین,1
رفتین,1
زدین,1
لباستو,1
پاستیلم,1
بخرر,1
شاخه,1
همشونو,1
بکنید,1
پیشش,1
پیشت,1
میاره…,1
منظورته,1
آشغالترين,1
هوار,1
كن,1
نميخوام,1
پولت,1
نكن,1
ديجيكالا,1
سوپرهاى,1
ارز,1
ترجیحی,1
نهاده‌های,1
دامی,1
مرغدارها,1
چندبرابر,1
مرغها,1
کشتارگاه,1
مرغداریو,1
معلمای,1
شیرتو,1
الیاس,1
متوجهید,1
مشروح,1
چه‌گونه,1
برخلاف,1
نمی‌دهد,1
شغل‌ها,1
بلاگری,1
یدکی,1
نیومدی,1
میکردی,1
شیفتم,1
بندازن,1
ساییده,1
آیکون,1
ردیف,1
بربریه,1
محدودتون,1
میتونستن,1
علاقمند,1
عروسیتم,1
فهمیدی,1
سرراه,1
۷۲,1
بفروش,1
این‌کارا,1
گس,1
بپر,1
گذرمون,1
بالاشهر,1
موندنی,1
اطرافو,1
مستقل,1
سریارو,1
بایدببرتتش,1
انداخته,1
نون‌نمیخره,1
دستتان,1
نمیتوانید,1
میفروشند,1
هاتو,1
عطرت,1
بیفته,1
قصدش,1
باباست,1
اهان,1
همدست,1
واویلاست,1
یبارم,1
هول,1
پاشده,1
@Digikalacom,1
یخچالی,1
ورداره,1
می‌گفتید,1
همونه,1
همهٔ,1
خرید‌ها,1
هم‌دما,1
یجایی,1
۲ساعت,1
بمیرمم,1
بیاییم,1
۸۰۰۰,1
۴۰۰۰,1
ماجرای,1
درجریانم,1
گولم,1
فوتبالی,1
پاپ,1
10000,1
BAO8N8QR,1
26,1
NN,1
خرداد,1
//snpfd,1
link/Bakery,1
گرامی,1
اقشار,1
اظهارنظریه,1
com/Okala,1
com,1
زنشون,1
دخترشون,1
دلقک,1
خیلیها,1
نتونن,1
-دلیل,1
نمیفته,1
+گشادی,1
بیقته,1
توکه,1
com/%D8%AE%D8%B1%DB%8C%D8%AF-%D8%B3%D9%,1
88,1
%D9%BE%D8%B1%D9%,1
%D8%A7%D8%B1%DA%A9%D8%AA%DB%8C…,1
عزيزم,1
كنسرو,1
بگير,1
منتظرت,1
ميمونم,1
پوففف,1
اونه,1
خودتم,1
لازانیا,1
کرایشه,1
تخفیفایی,1
تنام,1
سنگکو,1
بچه‌ش,1
علامت,1
هیات,1
ظهور,1
ظلم,1
برچینه,1
