word,word
اسنپ اکسپرس,اسنپ اکسپرس
#اسنپ_اکسپرس,اسنپ اکسپرس
اسنپ‌اکسپرس,اسنپ اکسپرس
#اکسپرس,اسنپ اکسپرس
اسنپ فود,اسنپ فود
#اسنپ_فود,اسنپ فود
اسنپ‌فود,اسنپ فود
اسنپ,اسنپ
اسنپفود,اسنپ فود
#اسنپ‌فود,اسنپ فود
#اسنپفود,اسنپ فود
اسنپ مارکت,اسنپ مارکت
#اسنپ_مارکت,اسنپ مارکت
نون,نان
نان,نان
تخفیف,تخفیف
شیرینی,شیرینی
بستنی,لبنیات
تحویل,تحویل
دقیقه,تحویل
ماست,لبنیات
شیر,لبنیات
پشتیبانی,پشتیبانی
ارسال,تحویل
گوشت,پروتئین
قیمت,قیمت
تماس,پشتیبانی
سنگک,نان
کنسل,مرجوعی
چیپس,تنقلات
شکلات,تنقلات
دستمال,بهداشتی
پنیر,لبنیات
هزینه,قیمت
نونوایی,نان
میوه,میوه
دیجی جت,دیجی جت
#دیجی_جت,دیجی جت
#دیجیکالاجت,دیجی جت
#جت,دیجی جت
#دیجیکالا_جت,دیجی جت
دیجیکالا جت,دیجی جت
دیجی کالا جت,دیجی جت
جت,دیجی جت
اکالا,اکالا
#اکالا,اکالا
اکالاتون,اکالا
دیجی‌کالا,دیجی کالا
دیجی کالا,دیجی کالا
دیجیکالا,دیجی کالا
نوار,بهداشتی
کوروش,افق کوروش
تومان,قیمت
تاخیر,تحویل
کیک,تنقلات
پفک,تنقلات
ماهی,پروتئین
بربری,نان
بهداشتی,بهداشتی
اعتبار,اعتبار
خدمات,خدمات
سرویس,خدمات
تومنی,قیمت
گرون,قیمت
فوری,تحویل
شوینده,بهداشتی
قنادی,شیرینی
مرجوع,مرجوعی
دیجی اکسپرس,دیجی اکسپرس
