,word,count
0,",",303
1,کامپیوتر,269
2,کیس,160
3,وان,147
4,in,135
5,ایسوس,135
6,آل,131
7,لنوو,115
8,معرفی,105
9,-,96
10,85,93
11,All,92
12,جدید,91
13,88,88
14,کرد,87
15,قیمت,85
16,one,84
17,//bit,77
18,رونمایی,73
19,دل,71
20,87,68
21,پی,68
22,MSI,66
23,//fb,66
24,One,65
25,#all_in_one,64
26,/,61
27,#laptop,60
28,#dell,59
29,#monitor,59
30,#desktop,59
31,all,59
32,مدل,58
33,%d9%,58
34,#vostro,57
35,اچ,56
36,?,54
37,شرکت,54
38,لپ,50
39,اینچی,50
40,تاپ,49
41,کاره,48
42,خرید,47
43,021,46
44,#deliran,46
45,#دل,46
46,سیستم,46
47,کامپیوترهای,46
48,all-in-one,46
49,جهت,44
50,#لپتاپ,44
51,88800247,43
52,86,43
53,#latitude,42
54,ET,42
55,//goo,41
56,موجودی,40
57,#دلیران,37
58,فروش,37
59,//t,35
60,"#inspiron,",35
61,A,35
62,محصولات,34
63,Dell,33
64,مانیتور,33
65,مشخصات,32
66,رایانه,32
67,پردازنده,31
68,All-in-One,30
69,تماس,30
70,27,30
71,me/DelliranCo,29
72,msi,28
73,حاصل,28
74,اینتل,28
75,محصول,27
76,فرمائید,26
77,C,26
78,مجهز,26
79,سری,25
80,آی,24
81,بررسی,24
82,لطفا,24
83,ای,23
84,|,23
85,رومیزی,23
86,تبلت,22
87,%d9%be%db%8c%d9%,22
88,بازی,22
89,…,22
90,//instagram,22
91,وارد,21
92,ال,21
93,بازار,21
94,کار,20
95,اس,20
96,In,20
97,صفحه,20
98,#کامپیوتر,20
99,مخصوص,20
100,-%d9%,19
101,اینسپایرون,19
102,84,19
103,50,19
104,مشاهده,18
105,دوربین,18
106,ir/,18
107,utm_source=dlvr,18
108,//ift,18
109,نمایندگی,18
110,ویندوز,17
111,کارت,17
112,سه,17
113,لپ‌تاپ,17
114,ir/%d9%,17
115,%d8%aa%d8%b1-%d9%,17
116,it&utm_medium=twitter…,17
117,dell,17
118,اولین,17
119,2702,17
120,ایران,16
121,گرافیک,16
122,اپل,16
123,سی,16
124,%d8%b4%d8%ae%d8%b5%d8%a7%d8%aa-%d9%,16
125,82,16
126,Lenovo,16
127,لینک,15
128,24,15
129,یکی,15
130,AiO,15
131,AG,15
132,B,15
133,me/,15
134,ly/,15
135,ایوی,15
136,بریج,15
137,deliran,14
138,دور,14
139,استفاده,14
140,All-in-one,14
141,%db%8c%d9%,14
142,اتمام,14
143,روز,14
144,ThinkCentre,14
145,2712,14
146,IGTH,14
147,Vostro,13
148,//shop,13
149,مک,13
150,کامل,13
151,//dgto,13
152,p=,13
153,Pro,13
154,22,13
155,؛,13
156,نمایش,13
157,گزارش,13
158,عرضه,13
159,//dlvr,13
160,خبری,13
161,نسل,12
162,net,12
163,تعمیر,12
164,برند,12
165,رم,12
166,لیست,12
167,#آل_این_وان,12
168,AE,12
169,"""",12
170,شوید,11
171,دلیران,11
172,گیمینگ,11
173,لپتاپ,11
174,۸,11
175,بیشتر,11
176,نمایشگر,11
177,AIO,11
178,تولید,11
179,iMac,11
180,//digiza,11
181,%d8%aa-%d8%ae%d8%b1%db%8c%d8%af-%da%a9%d8%a7%d9%,11
182,-%da%a9%d8%a7%d8%b1%d9%,11
183,#inspiron,11
184,وسترو,11
185,تومن,11
186,21.5,11
187,Intel,11
188,نوع,11
189,قاب,11
190,Inspiron,11
191,دستگاه,11
192,520,11
193,2020,11
194,زیر,10
195,فروشگاه,10
196,سایت,10
197,زومیت,10
198,انواع,10
199,سال,10
200,رسید,10
201,Zen,10
202,Core,10
203,جدیدترین,10
204,دی,10
205,نزدیک,10
206,HP,10
207,بعدی,10
208,40,10
209,برسام,10
210,نارنجی,10
211,Z1,10
212,M,9
213,دست,9
214,خب,9
215,اینچ,9
216,خوب,9
217,کنی,9
218,متاسفانه,9
219,16,9
220,پول,9
221,فکر,9
222,طراحی,9
223,سخت,9
224,میکنه,9
225,کمپانی,9
226,نگاه,9
227,خوبه,9
228,یکپارچه,9
229,سایز,9
230,#لنوو,9
231,IN,9
232,#keyboard,9
233,1,9
234,IdeaCentre,9
235,%D9%,9
236,//tinyurl,9
237,نمود,9
238,پایگاه,9
239,Wind,9
240,معرفي,9
241,"#inspiro,",8
242,2,8
243,کردن,8
244,بهترین,8
245,واقعا,8
246,360,8
247,بگیرم,8
248,تر,8
249,افزار,8
250,همراه,8
251,قابلیت,8
252,پشت,8
253,ویژه,8
254,میلیون,8
255,20,8
256,–,8
257,com,8
258,inspiron,8
259,"#latitude,",8
260,All-In-One,8
261,USB,8
262,ترین,8
263,#تکنولوژی,8
264,کنفرانس,8
265,Flex,8
266,نسخه,8
267,اینا,7
268,میگن,7
269,روشن,7
270,کردم,7
271,گیگ,7
272,خونه,7
273,بزرگ,7
274,روی,7
275,نیاز,7
276,اسم,7
277,داشتم,7
278,سیم,7
279,240,7
280,کامپيوتر,7
281,یو,7
282,10,7
283,Asus,7
284,ir,7
285,98,7
286,x,7
287,بهش,7
288,Z,7
289,XPS,7
290,اطلاعات,7
291,62,7
292,گیگابایت,7
293,فن,7
294,8,7
295,#technology,7
296,#computer,7
297,هدف,7
298,Apple,7
299,ir/%da%a9%d8%a7%d9%,7
300,Pavilion,7
301,2321,7
302,فناوری,7
303,Top,7
304,کانفیگ,6
305,عکس,6
306,چقدر,6
307,»,6
308,خودم,6
309,میگه,6
310,فیلم,6
311,کنه,6
312,رادار,6
313,گرفتم,6
314,بگیری,6
315,مورد,6
316,میگم,6
317,چی,6
318,میتونی,6
319,کیبورد,6
320,دارم,6
321,موبایل,6
322,میاد,6
323,میکنم,6
324,دنیا,6
325,لمسی,6
326,عامل,6
327,انجام,6
328,تعداد,6
329,نصب,6
330,تکنولوژی,6
331,me/delliranCo,6
332,#delliran,6
333,دارای,6
334,1320,6
335,#MSI,6
336,21,6
337,340,6
338,19.5,6
339,ALL,6
340,ONE,6
341,14,6
342,تلویزیون,6
343,ارائه,6
344,نقد,6
345,//yon,6
346,CES,6
347,-%D9%,6
348,آل-این-وان,6
349,لپ‌,6
350,تاپ‌,6
351,تی,6
352,۰۰۰,6
353,//ow,6
354,عنوان,6
355,سوی,6
356,هسول,6
357,مستقل,6
358,بروزشده,6
359,پرده‌برداری,6
360,می‌کند,6
361,زیاد,5
362,گفتم,5
363,«,5
364,تصویر,5
365,باز,5
366,اینکه,5
367,دوست,5
368,کن,5
369,اصلا,5
370,هارد,5
371,بدن,5
372,رسمی,5
373,نمی,5
374,قوی,5
375,نوشته,5
376,ماه,5
377,بگیر,5
378,زیبایی,5
379,بهتر,5
380,+,5
381,استودیو,5
382,نگاهی,5
383,کنار,5
384,//zoomit,5
385,تخفیف,5
386,کالا,5
387,کرده,5
388,تقریبا,5
389,میز,5
390,شخصی,5
391,خط,5
392,11,5
393,ادامه,5
394,قرار,5
395,اسپیکر,5
396,می‌شود,5
397,مشتریان,5
398,هزار,5
399,موجود,5
400,مادربرد,5
401,S,5
402,#اچ_پی,5
403,هستن,5
404,-5-,5
405,ویژگی,5
406,//digitano,5
407,%db%8c%da%,5
408,%da%af%db%8c-%d9%,5
409,%d8%a7%db%8c-%da%a9%d8%a7%d9%,5
410,-%da%a9%d8%a7-,5
411,ارتقا,5
412,3590,5
413,فرمایید,5
414,V,5
415,حافظه,5
416,حمل,5
417,ترابایت,5
418,سنتر,5
419,php,5
420,مو,5
421,پیشنهاد,5
422,DDR4,5
423,17,5
424,نمایشگاه,5
425,81,5
426,%d8%a7%d9%,5
427,//nividar,5
428,com/news/,5
429,e,5
430,X1,5
431,2015,5
432,html…,5
433,مجله,5
434,گذشته,5
435,2323,5
436,سري,5
437,//narenji,5
438,-core,4
439,بوک,4
440,خراب,4
441,وضعیت,4
442,PC,4
443,کیفیت,4
444,داخل,4
445,قطعا,4
446,ازش,4
447,۱۰,4
448,دوستان,4
449,زدن,4
450,وصل,4
451,محل,4
452,core,4
453,i5,4
454,دسکتاپ,4
455,نظر,4
456,فصل,4
457,گزینه,4
458,راحت,4
459,بدین,4
460,استاد,4
461,موس,4
462,متفاوت,4
463,نظرم,4
464,جای,4
465,خدا,4
466,نداره,4
467,سرفیس,4
468,کلی,4
469,معمولی,4
470,رنگ,4
471,داریم,4
472,حتی,4
473,کند,4
474,آشنا,4
475,hp,4
476,فنی,4
477,بخرم,4
478,ايسوس,4
479,18,4
480,متر,4
481,pro,4
482,سر,4
483,تخصصی,4
484,اونجا,4
485,هیبریدی,4
486,افزونه,4
487,قدرتمند,4
488,مراجعه,4
489,ملی,4
490,اینجا,4
491,طرف,4
492,وقتی,4
493,بد,4
494,15,4
495,راحتی,4
496,حالا,4
497,عزیز,4
498,همون,4
499,تعویض,4
500,Speaker,4
501,#ایسوس,4
502,#Lenovo,4
503,نیستم,4
504,میده,4
505,آقای,4
506,-%d8%a7-,4
507,G,4
508,65,4
509,نرم,4
510,برا,4
511,دانگل,4
512,خودشون,4
513,i7,4
514,#استوک_اروپایی,4
515,_اینچ,4
516,620,4
517,23,4
518,1510,4
519,دار,4
520,اتصال,4
521,باتری,4
522,محدود,4
523,گرامی,4
524,محافظ,4
525,1520,4
526,|dell,4
527,5491,4
528,3,4
529,Back,4
530,Cover-A,4
531,7386,4
532,قطعات,4
533,#,4
534,RAM,4
535,4,4
536,طریق,4
537,غیر,4
538,ایسر,4
539,خدمات,4
540,صندوق,4
541,#سخت_افزار,4
542,com/,4
543,وب,4
544,دیسک,4
545,HD,4
546,Graphics,4
547,25,4
548,رمضان,4
549,ی,4
550,%D8%A7%D9%,4
551,تمامی,4
552,//netwebco,4
553,مراسم,4
554,بهین,4
555,E,4
556,جدیدی,4
557,سرگرمی,4
558,700,4
559,نیوز,4
560,افتتاح,4
561,cf,4
562,دولتی,4
563,رایانه‌های,4
564,رایانه‌,4
565,افزایش,4
566,شامل,4
567,#Narenji,4
568,ASUS,4
569,کامیپوترهای,4
570,راهی,4
571,آینده,4
572,80,4
573,i5-,3
574,نوت,3
575,آنلاین,3
576,بخصوص,3
577,عملا,3
578,کل,3
579,نسبت,3
580,شاید,3
581,میشد,3
582,نو,3
583,ببینید,3
584,هستم,3
585,کارم,3
586,مونیتور,3
587,ببین,3
588,نشون,3
589,می‌تونه,3
590,بالاخره,3
591,نمیدونم,3
592,سیستم‌های,3
593,بیست,3
594,ضعیف,3
595,تری,3
596,دقت,3
597,کاربردی,3
598,نمايش,3
599,اصلی,3
600,داشتنی,3
601,پرو,3
602,imac,3
603,مناسب,3
604,اداری,3
605,خانگی,3
606,241,3
607,via,3
608,کاربرد,3
609,#کیس,3
610,بهتری,3
611,بخش,3
612,سونی,3
613,7,3
614,اومده,3
615,بودم,3
616,ترجمه,3
617,2.,3
618,چندکاره,3
619,ساعت,3
620,هرچی,3
621,سرعت,3
622,دیدم,3
623,پیدا,3
624,کم,3
625,حذف,3
626,ایکس,3
627,همیشه,3
628,X,3
629,چرخشی,3
630,تبدیل,3
631,۲۴,3
632,مشکل,3
633,میدن,3
634,WooCommerce,3
635,بسازن,3
636,شبکه,3
637,متوقف,3
638,ساده,3
639,برنامه,3
640,خواهد_بود,3
641,pc,3
642,جمع,3
643,میکنی,3
644,حوزه,3
645,پایه,3
646,میشن,3
647,قطعه,3
648,صنعتی,3
649,دکمه,3
650,جزئیات,3
651,خانه,3
652,Mini,3
653,لحاظ,3
654,تست,3
655,گارانتی,3
656,کرده_است,3
657,شناسه,3
658,#ام_اس_آی,3
659,#asus,3
660,#HP,3
661,احتمالا,3
662,۴,3
663,222,3
664,حرف,3
665,همکاری,3
666,بزنید,3
667,شه,3
668,یعنی,3
669,پایین,3
670,بچه,3
671,بیاد,3
672,گوشی,3
673,فک,3
674,اطلاع,3
675,203,3
676,19,3
677,IC,3
678,-c,3
679,0033,3
680,d,3
681,#صفحه_,3
682,#i3,3
683,#Dell,3
684,#گرافیک_اینتل_اچ_دی,3
685,3593,3
686,رابط,3
687,7M,3
688,igshid=,3
689,ideacentre,3
690,Max,3
691,7140,3
692,Bezel-B,3
693,خودش,3
694,8/,3
695,میکردم,3
696,واسه,3
697,|Dell,3
698,ظرفیت,3
699,87/,3
700,فایل,3
701,برداری,3
702,ایرانی,3
703,سانتی,3
704,96,3
705,#server,3
706,مزه,3
707,Envy,3
708,32,3
709,۱,3
710,میان,3
711,نداشتن,3
712,برد,3
713,حرفه,3
714,وجود,3
715,#دسکتاپ,3
716,کنند,3
717,جمله,3
718,تأمین,3
719,ینی,3
720,آپدیت,3
721,اعم,3
722,اصفهان,3
723,2016,3
724,کنترل,3
725,%d8%af%d9%,3
726,U,3
727,مرکز,3
728,Vivo,3
729,Aio,3
730,2017,3
731,اکنون,3
732,توانید,3
733,900,3
734,ظاهری,3
735,تعمیرات,3
736,فعالیت,3
737,-%d8%a7%db%8c%d9%,3
738,New,3
739,فارنت,3
740,#msi,3
741,//lnkd,3
742,//buff,3
743,پرچمدارش,3
744,//digiato,3
745,زیبا,3
746,باریک,3
747,تلفیقی,3
748,کارایی,3
749,رسانی,3
750,Sprout,3
751,کیسِ,3
752,فانتزی,3
753,3.1,3
754,Edge,3
755,ليست,3
756,قيمت,3
757,خريد,3
758,et,3
759,//tech,3
760,امروزه,3
761,460,3
762,مسئله,3
763,پرده,3
764,اندرویدی,3
765,30,3
766,گجت,3
767,کيس,3
768,P,3
769,1801,3
770,//golpaweb,3
771,%db%8c%d9%be%d9%,3
772,%d8%aa%d8%b1%d9%,3
773,%d8%a7%db%8c-%d8%a8%d8%af%d9%,3
774,-%da%a9%db%8c%d8%b3-msi-%d8%b1%d8%a7%d9%,3
775,%db%8c-%d8%a8%d9%,3
776,-%d8%b3%d9%,3
777,%db%8c-%d8%a2%db%8c%d9%,3
778,کامپیوتر-بدون-کیس,3
779,2012,3
780,محبوبیت,3
781,6280,3
782,پرازنده,3
783,2210,3
784,3500,2
785,قلم,2
786,الکترونیکی,2
787,باشن,2
788,دیجیتال,2
789,وسیله,2
790,مال,2
791,جوریه,2
792,ببینی,2
793,ساخت,2
794,فرق,2
795,استوک,2
796,تزه,2
797,جان,2
798,هفته,2
799,درگیر,2
800,hdmi,2
801,بهم,2
802,جایی,2
803,پی‌سی,2
804,۳۲,2
805,۱۶,2
806,باهاش,2
807,درست,2
808,اینم,2
809,موشک,2
810,۲۷,2
811,بابا,2
812,وگرنه,2
813,جذاب,2
814,معنا,2
815,امیدوارم,2
816,نکنه,2
817,خفن,2
818,ثابت,2
819,پوشش,2
820,موبیلیتی,2
821,توجه,2
822,کننده,2
823,بدی,2
824,نیستن,2
825,باهم,2
826,صحبت,2
827,کنیم,2
828,هی,2
829,برم,2
830,مانیتوره,2
831,ارتفاع,2
832,ش,2
833,ندارم,2
834,میگیرم,2
835,بهتره,2
836,یادمه,2
837,قشنگ,2
838,خاص,2
839,دارید,2
840,والا,2
841,حتما,2
842,يک,2
843,بودید,2
844,بین,2
845,پلی,2
846,استیشن,2
847,کدوم,2
848,اب,2
849,نکن,2
850,ضعف,2
851,ساپورت,2
852,رقابت,2
853,صرفا,2
854,کوچک,2
855,مایا,2
856,MA,2
857,سخت‌افزار,2
858,می‌تواند,2
859,کارهای,2
860,روزمره,2
861,یوتیوب,2
862,مدت,2
863,جلو,2
864,صورت,2
865,یونیوو,2
866,مراکز,2
867,2022,2
868,مطلب,2
869,اسمبل,2
870,میکنیم,2
871,راستش,2
872,خریدم,2
873,اضافه,2
874,می‌توانید,2
875,همه‌کاره,2
876,ir/desktop/,2
877,پر,2
878,زدم,2
879,امید,2
880,خودت,2
881,D,2
882,MF,2
883,w,2
884,چطوری,2
885,میتونه,2
886,چیپ,2
887,m1,2
888,خوشم,2
889,بخاطر,2
890,هستش,2
891,برام,2
892,اینو,2
893,مایکروسافت,2
894,بتونم,2
895,زمانی,2
896,میخوام,2
897,کامپیوترای,2
898,۹,2
899,راهنمای,2
900,فروشگاهی,2
901,کاربران,2
902,صندلی,2
903,کارمند,2
904,سبک,2
905,سمت,2
906,میبره,2
907,حداقل,2
908,دم,2
909,بخوانید,2
910,اچ‌پی,2
911,کروم,2
912,Chromebase,2
913,Chromebook,2
914,x2,2
915,دستگاهی,2
916,29,2
917,عالیه,2
918,۲,2
919,میذارن,2
920,امکانات,2
921,Cart,2
922,عملکرد,2
923,دانلود,2
924,نمایید,2
925,اینترنت,2
926,افراد,2
927,کشور,2
928,افتاد,2
929,پرداخت,2
930,ولت,2
931,نقش,2
932,خوبیه,2
933,جزوه,2
934,توضیحات,2
935,مگه,2
936,مجبور,2
937,سامسونگ,2
938,لب,2
939,تاب,2
940,خریده,2
941,قسمت,2
942,خوشحال,2
943,وای,2
944,بلوتوث,2
945,آی‌مک,2
946,عالی,2
947,پنهان,2
948,واقع,2
949,براش,2
950,بخوره,2
951,فرصت,2
952,35,2
953,تومان,2
954,هرروز,2
955,اسکایپ,2
956,بهره,2
957,فروردین,2
958,1400,2
959,//deliran,2
960,کرونا,2
961,13,2
962,کارشناسان,2
963,هزینه,2
964,سفارش,2
965,کامپیوترها,2
966,نیز,2
967,گرین,2
968,1310,2
969,SP-V-,2
970,5000,2
971,ببینم,2
972,asus,2
973,اپ,2
974,دقیقا,2
975,یوگا,2
976,۷,2
977,2021,2
978,چجوری,2
979,ProOne,2
980,مقاله,2
981,روش,2
982,کاربری,2
983,یکیه,2
984,ور,2
985,جون,2
986,میشم,2
987,آداپتور,2
988,چراغ,2
989,وصله,2
990,رندر,2
991,داشتیم,2
992,سازنده,2
993,خونگی,2
994,کامپیوتری,2
995,45/,2
996,G5-,2
997,5590,2
998,دستم,2
999,انگشت,2
1000,ورم,2
1001,صفحه‌ش,2
1002,قیمتی,2
1003,اینترنتی,2
1004,PRO,2
1005,#ریتوییت,2
1006,#All_in_One,2
1007,#نسل_هشتم,2
1008,#گرافیک_اینتل_یو_اچ_دی,2
1009,09183815988,2
1010,bestlaptop4u,2
1011,//bestlaptop4u,2
1012,OptiPlex,2
1013,9010,2
1014,5593,2
1015,#TRX,2
1016,L,2
1017,502,2
1018,Motherboard,2
1019,چیزای,2
1020,ماوس,2
1021,116,2
1022,حسگر,2
1023,اپتیکال,2
1024,محدوده,2
1025,1000,2
1026,عدد,2
1027,#فروشگاه_اینترنتی,2
1028,#فروشگاه_آنلاین,2
1029,330,2
1030,inch,2
1031,Mouse,2
1032,مدلCase,2
1033,Venue,2
1034,ونیو,2
1035,*,2
1036,Palmrest-C,2
1037,5010,2
1038,رتبه,2
1039,پاک,2
1040,خوشت,2
1041,5587,2
1042,mt,2
1043,",…",2
1044,06,2
1045,جور,2
1046,گرونه,2
1047,#صفحه_لمسی,2
1048,#i5,2
1049,ظرفیت…,2
1050,مطالعه,2
1051,کمتر,2
1052,میگیری,2
1053,هرزه,2
1054,تجهیزات,2
1055,دفتر,2
1056,ژاپن,2
1057,آمریکایی,2
1058,ستیزی,2
1059,بیش,2
1060,۲۰۲۰,2
1061,600,2
1062,ثبت,2
1063,دریافت,2
1064,معمولا,2
1065,مشتری,2
1066,میخواستم,2
1067,#notebook,2
1068,کیلو,2
1069,#lenovo,2
1070,لوازم,2
1071,تومانی,2
1072,داری,2
1073,بری,2
1074,پزشک,2
1075,چقد,2
1076,هات,2
1077,پردازش,2
1078,مگاپیکسل,2
1079,#IPC,2
1080,Plus,2
1081,نقاط,2
1082,پیکسل,2
1083,اومدم,2
1084,دسته,2
1085,میفروخت,2
1086,چندبار,2
1087,حس,2
1088,حرفه‌ای,2
1089,باکیفیت,2
1090,آیدیا,2
1091,پد,2
1092,540,2
1093,تبریز,2
1094,ساکنین,2
1095,DELL,2
1096,html,2
1097,POP-,2
1098,950,2
1099,surface,2
1100,touch,2
1101,//fafait,2
1102,*قابليت,2
1103,كنترل,2
1104,م,2
1105,امکان,2
1106,روحانی,2
1107,سیتی,2
1108,می‌خوان,2
1109,تامین,2
1110,موضوع,2
1111,صوتی,2
1112,//kalaaghe,2
1113,2019/04/,2
1114,انتقال,2
1115,49,2
1116,رستوران,2
1117,اسپری,2
1118,تقویت,2
1119,REVLON,2
1120,Uniqe,2
1121,موهای,2
1122,خشک,2
1123,آسیب,2
1124,دیده,2
1125,2-کنترل,2
1126,درخشش,2
1127,فریز,2
1128,3-کنترل,2
1129,حرارت,2
1130,4-موهای,2
1131,ابریشمی,2
1132,اروندکالا,2
1133,//arvandkala,2
1134,ir/product/%d8%a7%d8%b3%d9%be%d8%b1%db%8c-%d8%aa%d9%,2
1135,%db%8c%d8%aa-%d9%,2
1136,-revlon-%d9%,2
1137,Aspire,2
1138,910,2
1139,T,2
1140,GTX,2
1141,خریدن,2
1142,‌,2
1143,200,2
1144,G3,2
1145,نقل,2
1146,برادر,2
1147,شریعتمداری,2
1148,دارن,2
1149,نمونه,2
1150,ظاهرا,2
1151,ماشین,2
1152,@edbazar1,2
1153,//edbazar,2
1154,مث,2
1155,000,2
1156,#All_In_One,2
1157,نشدن,2
1158,#تعمیر_آل_این_وان,2
1159,Keyboard,2
1160,KB-,2
1161,216,2
1162,Ultrabook,2
1163,چرخش,2
1164,Yoga,2
1165,ir/index,2
1166,مونتاژ,2
1167,میکنن,2
1168,کلا,2
1169,vostro,2
1170,پورت,2
1171,خیر,2
1172,Cover&Bezel-A&B,2
1173,z,2
1174,92,2
1175,شکل,2
1176,#gaming,2
1177,سرویس,2
1178,221,2
1179,//digikala,2
1180,اوضاع,2
1181,-%D8%A7%DB%8C%D9%,2
1182,مرتبط,2
1183,#نمایندگی_لنوو,2
1184,مجاز,2
1185,پروژکتور,2
1186,#hp,2
1187,%D8%B3-%D9%,2
1188,272,2
1189,-%d8%a7%db%8c%d8%b3%d9%,2
1190,#آی_تی_بازار,2
1191,#اخبار_آی_تی,2
1192,//itbazar,2
1193,com/sn_,2
1194,aspx,2
1195,93,2
1196,پاویلیون,2
1197,شیک,2
1198,post,2
1199,tt/2rwQvyd,2
1200,كامپيوتر,2
1201,کامپیوتکس,2
1202,جدید…,2
1203,بروزسانی,2
1204,tt/,2
1205,#CES,2
1206,بسیار,2
1207,زیبای,2
1208,70,2
1209,[,2
1210,],2
1211,Gaming,2
1212,خوراک,2
1213,گیمرها,2
1214,tt/1JVm4PH,2
1215,83,2
1216,//newsit,2
1217,تلاش,2
1218,آمار,2
1219,بخرن,2
1220,2015/06/01/,2
1221,ir/1dG4Fmc,2
1222,۴%,2
1223,"۱,",2
1224,فعلی,2
1225,//po,2
1226,2311,2
1227,Center,2
1228,"۲,",2
1229,10481,2
1230,flex,2
1231,AP,2
1232,#khabartek,2
1233,#خبرتک,2
1234,Oneهای,2
1235,it/,2
1236,54,2
1237,02,2
1238,#Allinone,2
1239,#Slowmotion,2
1240,4000,2
1241,fps,2
1242,#تبلیغ,2
1243,جالب,2
1244,فریم,2
1245,ثانیه,2
1246,#farnet…,2
1247,com/p/xKNlRbGDEO/,2
1248,ظریف‌ترین,2
1249,ظریف,2
1250,ly/1EtQNXp,2
1251,07541,2
1252,سازمان,2
1253,توان,2
1254,Msi,2
1255,مقدمه,2
1256,Up,2
1257,i3,2
1258,سیستم-تبلت,2
1259,رده,2
1260,270,2
1261,تکنولوژي,2
1262,Motion,2
1263,Control,2
1264,محصولی,2
1265,آخری,2
1266,ترنسفورمر,2
1267,ly/i/4Vexd,2
1268,خانواده,2
1269,ir/articles/hardware/desktop-pc/,2
1270,واحدهایی,2
1271,زمینه‌ساز,2
1272,كامل,2
1273,نیا,2
1274,59,2
1275,//f-news,2
1276,igth,2
1277,//urlx,2
1278,ir/ase,2
1279,اف,2
1280,07,2
1281,اولترابوک,2
1282,mHyH9,2
1283,12,2
1284,oPXrE,2
1285,-TAiO,2
1286,Transformer,2
1287,%d8%af/,2
1288,چندی,2
1289,سینمایی,2
1290,کتاب,2
1291,تخیلی,2
1292,گردید,2
1293,محصولاتی,2
1294,PCWAR,2
1295,Oneها,2
1296,//nblo,2
1297,ly/SptuGU,2
1298,فروشو,2
1299,2410:,2
1300,//forum,2
1301,persiantools,2
1302,com/showpost,2
1303,نام‌های,2
1304,345,2
1305,IUTS,2
1306,خاله,2
1307,زنک,2
1308,//khalehzanak,2
1309,%aa-%e2%,2
1310,//pulse,2
1311,نخستین,2
1312,کاربر,2
1313,دانید,2
1314,خرگوش,2
1315,۲۱.۵,2
1316,وسترو-پردازنده,1
1317,یازده,1
1318,1135,1
1319,G7,1
1320,اوریجینال,1
1321,Active,1
1322,Pen,1
1323,PN,1
1324,350,1
1325,net/accessories/,1
1326,#قلم,1
1327,خوبی,1
1328,کارکرده,1
1329,ریسک,1
1330,بندازیش,1
1331,نیستند,1
1332,کالای,1
1333,افتضاح,1
1334,لاکچری,1
1335,پولدارهاست,1
1336,تجربه‌ی,1
1337,بهترن,1
1338,کاش,1
1339,بیای,1
1340,بیاره,1
1341,میخرم,1
1342,اسکی,1
1343,بیر,1
1344,بیلگی‌سایاریم,1
1345,وار,1
1346,دا,1
1347,آخساییردی,1
1348,بونا,1
1349,بیردنه,1
1350,SSDهاردی,1
1351,آلدیم,1
1352,ویندوز'لا,1
1353,یازیلیم‌لاری,1
1354,تؤکدوم,1
1355,اونون,1
1356,اوستونه,1
1357,Cدرایوی,1
1358,ائتدیم,1
1359,اینانین,1
1360,بیلگی‌سایارا,1
1361,نفس,1
1362,گلیب,1
1363,ایداره‌ده,1
1364,مارکالی,1
1365,واریم,1
1366,هئچ,1
1367,اوندان,1
1368,قالان,1
1369,دئییل,1
1370,ایندی,1
1371,#SaveUrmiaLake,1
1372,ایمک,1
1373,آدم,1
1374,بدرود,1
1375,سیستمم,1
1376,مشکلش,1
1377,نداشتم,1
1378,فیها,1
1379,خالدونش,1
1380,نتیجه,1
1381,نگرفتم,1
1382,ایده,1
1383,out,1
1384,کمال,1
1385,ناباوری,1
1386,جواب,1
1387,رسیدیم,1
1388,داغدارم,1
1389,دکسکتاپ,1
1390,Cpu,1
1391,gpu,1
1392,بستمش,1
1393,همینه,1
1394,تفاوت,1
1395,کوچولو,1
1396,واقعاً,1
1397,سخته,1
1398,پریمیر,1
1399,اونایی,1
1400,آوردن,1
1401,عاملش,1
1402,نخندین,1
1403,میگرده,1
1404,گاراژ,1
1405,میرین,1
1406,اخرین,1
1407,مریض,1
1408,دونه,1
1409,ssd,1
1410,میندازم,1
1411,جای‌,1
1412,مکانیکی‌,1
1413,قبلیش,1
1414,بچم,1
1415,اصلیش,1
1416,نمیشه,1
1417,الکترونیک,1
1418,هالیوودی,1
1419,نود,1
1420,درصد,1
1421,مانیتوراشون,1
1422,دله,1
1423,شاهکار,1
1424,اساسی,1
1425,یود,1
1426,عمل,1
1427,مزخرف,1
1428,بخوان,1
1429,شخصیت,1
1430,جوری,1
1431,انگار,1
1432,دامبلدور,1
1433,عاقل,1
1434,تواناست,1
1435,ابر,1
1436,مسخره,1
1437,اسکرین,1
1438,خوشحالم,1
1439,کیهان,1
1440,کو,1
1441,لپتاب,1
1442,اونو,1
1443,برمیداره,1
1444,ریتیان,1
1445,nasams,1
1446,درجه,1
1447,کلیپ,1
1448,//youtu,1
1449,be/hp1GKoJfbXs,1
1450,راداری,1
1451,samp/t,1
1452,التا,1
1453,AD-astar,1
1454,ژنراتور/واحد,1
1455,کنترل/رادار/الکترونیک/خنک,1
1456,همگی,1
1457,خودرو,1
1458,جابجایی,1
1459,فرار,1
1460,بمب,1
1461,هدایت,1
1462,ماهواره,1
1463,Prsm,1
1464,نخوای,1
1465,جابجاش,1
1466,می‌تونی,1
1467,mac,1
1468,گذاشتم,1
1469,صورتی,1
1470,داشتین,1
1471,پیغام,1
1472,خصوصی,1
1473,بقیه,1
1474,موارد,1
1475,#ريتوييت_لطفا,1
1476,#ريتويت,1
1477,دونم,1
1478,انقدر,1
1479,کامپیوتترهای,1
1480,گوشم,1
1481,ناآشناست,1
1482,مدله,1
1483,ازینا,1
1484,هان,1
1485,همراستا,1
1486,چشم,1
1487,شماره,1
1488,دکتر,1
1489,دایرکت,1
1490,برات,1
1491,فرستم,1
1492,اوفففی,1
1493,oneعه,1
1494,روده,1
1495,دسترسی,1
1496,خواستم,1
1497,تدوینمن,1
1498,میخوای,1
1499,میگفت,1
1500,ویندوزی,1
1501,ببندی,1
1502,ضعیفه,1
1503,عکسش,1
1504,بی‌سیم,1
1505,مشخصاتش,1
1506,wired,1
1507,می‌کنه,1
1508,بی‌سیمه,1
1509,همه‌جوره,1
1510,کلک,1
1511,می‌زنن,1
1512,همینطور,1
1513,مجموع,1
1514,تصمیمم,1
1515,می‌خواهید,1
1516,کاراتر,1
1517,کامپک,1
1518,داییم,1
1519,روزا,1
1520,سلام,1
1521,راهنمایی,1
1522,باهاشون,1
1523,قديمی,1
1524,مرحوم,1
1525,نقره,1
1526,داغ,1
1527,خواهم_شد,1
1528,دانم,1
1529,ربطی,1
1530,نیازن,1
1531,میخریدین,1
1532,تجارب,1
1533,۱-ظرفا,1
1534,نچسبن,1
1535,ظرفا,1
1536,برسه,1
1537,۲-ماشین,1
1538,اورلود,1
1539,۳-قرص,1
1540,۳در۱,1
1541,۴-اشغالای,1
1542,ظرفو,1
1543,۵-هر,1
1544,فیلترشو,1
1545,دربیار,1
1546,بشور,1
1547,۶-بسته,1
1548,سختی,1
1549,شهرتون,1
1550,لازمه,1
1551,نمک,1
1552,بذار,1
1553,۷-منوال,1
1554,دستگاهتو,1
1555,بخون,1
1556,بصری,1
1557,دوستش,1
1558,بنابراین,1
1559,رقبای,1
1560,طراحیش,1
1561,بازم,1
1562,تمام‌صفحه,1
1563,مالتی,1
1564,تاچ,1
1565,۲۸.۲,1
1566,وضوح,1
1567,رزولوشن,1
1568,+4K,1
1569,مینیمال,1
1570,#matestationx,1
1571,مینی,1
1572,ه,1
1573,کنارش,1
1574,قدرتمندی,1
1575,آید,1
1576,جزییات,1
1577,ir/2jk-,1
1578,Modern,1
1579,AM,1
1580,عمومی,1
1581,بازی‌های,1
1582,نه‌چندان,1
1583,سنگین,1
1584,اجرا,1
1585,ویدیوی,1
1586,می‌شوید,1
1587,ir/2hkw,1
1588,Pc,1
1589,دراز,1
1590,نفع,1
1591,اونجاش,1
1592,عالمه,1
1593,ریخته,1
1594,چشمت,1
1595,نمی‌بینی,1
1596,//pin,1
1597,it/1PgGTvd,1
1598,@pinterest,1
1599,حتماً,1
1600,بدانید,1
1601,واحدTEU,1
1602,اقتصاد,1
1603,دریایی,1
1604,کلمه,1
1605,اسپانیی,1
1606,معنی,1
1607,برگرفته,1
1608,اصطلاحی,1
1609,رایج,1
1610,کشتیرانی,1
1611,مخفف,1
1612,معادل,1
1613,TWENTY,1
1614,FOOT,1
1615,EQUIVALENT,1
1616,UNIT,1
1617,دلیل,1
1618,UA-,1
1619,آموزشی,1
1620,//farnet,1
1621,io/,1
1622,301534,1
1623,#فارنت,1
1624,#بهترین,1
1625,//techmaze,1
1626,ir/%d8%a8%d9%,1
1627,%d8%aa%d8%b1%db%8c%d9%,1
1628,-%da%a9%d8%a7%d9%,1
1629,%d8%aa%d8%b1-%d8%af%d8%b3%da%a9%d8%aa%d8%a7%d9%be-,1
1630,-_-%d8%b1%d8%a7%d9%,1
1631,%d8%a7%db%8c-%d8%ae%d8%b1%db%8c%d8%af/…,1
1632,صفحه‌ی,1
1633,بزرگش,1
1634,می‌اومد,1
1635,پولی,1
1636,نمی‌تونستم,1
1637,دستگاهAll,1
1638,oneنوی,1
1639,خر,1
1640,شدم,1
1641,کلافه,1
1642,دیوانه‌ام,1
1643,377320,1
1644,-zoomit-product-aio-new-category/…,1
1645,هعییی,1
1646,روحت,1
1647,پرم,1
1648,فعلا,1
1649,قفلی,1
1650,Yakuza,1
1651,Sackboy,1
1652,Kingdom,1
1653,Hearts,1
1654,دانشجوهام,1
1655,بریزن,1
1656,گیلتی,1
1657,گیر,1
1658,شایییییدشایدم,1
1659,نکردم,1
1660,دیجی,1
1661,نمی‌کرد,1
1662,آشغاله,1
1663,الهی,1
1664,1.,1
1665,اينچی,1
1666,DAK-BA,1
1667,095,1
1668,نیکون,1
1669,7500,1
1670,لنز,1
1671,140,1
1672,میلی,1
1673,VR,1
1674,AF-S,1
1675,DX,1
1676,3.,1
1677,پرینتر,1
1678,لیزری,1
1679,کانن,1
1680,i-Sensys,1
1681,237,1
1682,رمینه‌ها,1
1683,کامپیوتر‌های,1
1684,حالام,1
1685,مک‌بوک,1
1686,max,1
1687,حرفی,1
1688,نمیزاره,1
1689,لعنتی,1
1690,#AppleEvent,1
1691,شکلیا,1
1692,طلا,1
1693,میخریدم,1
1694,بفروشمش,1
1695,نیاد,1
1696,اکوسیستم,1
1697,جذابی,1
1698,اتفاقا,1
1699,اوایلش,1
1700,برخلاف,1
1701,بهینه,1
1702,نسبتا,1
1703,چرت,1
1704,جوان,1
1705,کوچیک,1
1706,گرایش,1
1707,سنم,1
1708,میره,1
1709,تمایل,1
1710,گنده‌ها,1
1711,میخریدیم,1
1712,پلیرها,1
1713,میبینید,1
1714,خفنش,1
1715,فضای,1
1716,ابری,1
1717,میاره,1
1718,باکس,1
1719,شن,1
1720,اینجاشو,1
1721,فیلیپس,1
1722,رسیده_بود,1
1723,نکته,1
1724,بگمو,1
1725,ندیدم,1
1726,دیدید,1
1727,جاس,1
1728,برتر,1
1729,۲۰۲۱,1
1730,ly/2WT3xav,1
1731,بهترین‌ها,1
1732,هنری,1
1733,دانشجویی,1
1734,کاربری‌ها,1
1735,عادیه,1
1736,مشخصه,1
1737,نمیخوای,1
1738,نسبتاً,1
1739,ترجیح,1
1740,ذهن,1
1741,مشغول,1
1742,راستی,1
1743,اتفاق,1
1744,چشمم,1
1745,میبینه,1
1746,؟؟؟,1
1747,چپ,1
1748,ال‌سی‌دی‌,1
1749,وایمیسته,1
1750,اشاره,1
1751,فرهنگ,1
1752,حشمتی,1
1753,عکاس,1
1754,کیوان,1
1755,هندی,1
1756,@kayvanhendi,1
1757,ir/review/,1
1758,372582,1
1759,-msi-pro-,1
1760,x-,1
1761,m-review/…,1
1762,#ادامه,1
1763,اواس,1
1764,مصرفی,1
1765,اولی,1
1766,دومی,1
1767,کروم‌بیس,1
1768,کروم‌بوک,1
1769,FD,1
1770,-j,1
1771,جنسش,1
1772,روزی,1
1773,تاش,1
1774,سقوط,1
1775,سرجاش,1
1776,و‌کارو,1
1777,قراره,1
1778,افزودن,1
1779,سبدخرید,1
1780,ووکامرس,1
1781,سبد,1
1782,کمک,1
1783,اسکریپت,1
1784,واحد,1
1785,رشته,1
1786,فیبر,1
1787,نوری,1
1788,بدهند,1
1789,مرحله,1
1790,پروژه,1
1791,سواپ,1
1792,مثال,1
1793,بزنم,1
1794,اوایلی,1
1795,آپ,1
1796,شدت,1
1797,شارژ,1
1798,قبض,1
1799,جریمه,1
1800,عوارضی,1
1801,بستر,1
1802,فرانتیر,1
1803,اچار,1
1804,فرانسه,1
1805,اوپتیپلکس,1
1806,3030,1
1807,//amazonpc,1
1808,2191003045,1
1809,سرکار,1
1810,سیستمش,1
1811,نفتی,1
1812,رفتم,1
1813,رفیقم,1
1814,جبرو,1
1815,گفته_بود,1
1816,شسته,1
1817,صفحاتش,1
1818,برابر,1
1819,کتابه,1
1820,انقد,1
1821,زیاده,1
1822,برگشته,1
1823,هرجا,1
1824,مبحثی,1
1825,دروس,1
1826,پیشین,1
1827,اونارم,1
1828,اوردم,1
1829,نوشتم,1
1830,////,1
1831,مرد,1
1832,حسابی,1
1833,پک,1
1834,مینویسی,1
1835,خنده‌دارترین,1
1836,قسمتش,1
1837,کمپانی‌ها,1
1838,ببرن,1
1839,محصولاتشون,1
1840,مثلا,1
1841,تاپش,1
1842,گوشیش,1
1843,گران,1
1844,خواهرم,1
1845,شیرینش,1
1846,میبنید,1
1847,میایی,1
1848,روشنش,1
1849,‌فای,1
1850,میکروفن,1
1851,اینها,1
1852,کد‌های,1
1853,کامیت,1
1854,قبلی,1
1855,4۰,1
1856,آهنگ,1
1857,۵۰۰,1
1858,۱۵.۶,1
1859,156,1
1860,N2I3,1
1861,-6-,1
1862,11/,1
1863,زیباترین,1
1864,دنیاست,1
1865,کارآمدترین,1
1866,محسوب,1
1867,ویدیو,1
1868,می‌کنیم,1
1869,دیجیاتو,1
1870,26,1
1871,x8,1
1872,طرح,1
1873,ماژولار,1
1874,روده‌اش,1
1875,درآورد,1
1876,عوض,1
1877,اپتی‌پلکس,1
1878,۷۰۹۰,1
1879,اولترا,1
1880,مانیتورهای,1
1881,کافیه,1
1882,مخصوصش,1
1883,نمایشگرتون,1
1884,بخرید,1
1885,541,1
1886,گاه,1
1887,تحریم,1
1888,برگرداند,1
1889,ندهید,1
1890,%,1
1891,اپتیپلکس,1
1892,Optiplex,1
1893,5070,1
1894,MT,1
1895,net/product-category/desktop-computer/…,1
1896,Support,1
1897,Button,1
1898,//thempress,1
1899,com/product/contact-us-plugin/…,1
1900,پیشرفت,1
1901,میدونستی,1
1902,حدس,1
1903,بزنی,1
1904,جیبت,1
1905,خواهی_داشت,1
1906,موقع,1
1907,وایبر,1
1908,چت,1
1909,میکردن,1
1910,قول,1
1911,میدم,1
1912,نیازی,1
1913,حکومت,1
1914,نباشه,1
1915,ارتباطات,1
1916,مند,1
1917,صبور,1
1918,باش,1
1919,۴۵,1
1920,۱۴۰۰,1
1921,نکات,1
1922,مهم,1
1923,tt/3h6ikGK,1
1924,ومحصولات,1
1925,خسته,1
1926,نباشی,1
1927,نمیگن,1
1928,درواقع,1
1929,چسبیده,1
1930,سیزده,1
1931,بیندیشیم,1
1932,جلوگیری,1
1933,گسترش,1
1934,ویروس,1
1935,می‌مانیم,1
1936,پیشاپیش,1
1937,بدر,1
1938,مبارک,1
1939,Duo,1
1940,1090,1
1941,مادربردها,1
1942,سلامت,1
1943,فیزیکی,1
1944,شده_اند,1
1945,دستمزد,1
1946,net/computer-hardware/mini-duo-,1
1947,1090/,1
1948,دسامبر,1
1949,۲۰۱۷,1
1950,رسما,1
1951,qe,1
1952,GX,1
1953,-i,1
1954,719,1
1955,N,1
1956,-%da%af-,1
1957,6/,1
1958,#فرازسیستم,1
1959,#فراز_سیستم,1
1960,#کامپیوترهمه_کاره,1
1961,#یونیوو,1
1962,#گرین,1
1963,#farazsystem,1
1964,#faraz_system,1
1965,#allinone,1
1966,#univo,1
1967,#green,1
1968,سرعتش,1
1969,راضی,1
1970,مدلشو,1
1971,بگو,1
1972,مرگشه,1
1973,پولو,1
1974,کیا,1
1975,مرورگر,1
1976,مسنجر,1
1977,انداز,1
1978,مخصوصا,1
1979,واتس,1
1980,اپش,1
1981,بدم,1
1982,نصبش,1
1983,مبلغ,1
1984,بیا,1
1985,حروم,1
1986,زبون,1
1987,آلان,1
1988,آیمک,1
1989,duo,1
1990,خرج,1
1991,آیو,1
1992,لپ‌تاپی,1
1993,366725,1
1994,-lenovo-aio-7-rotating-display-all-in-one-ces-,1
1995,-desktop/…,1
1996,حسابدارمون,1
1997,مسنی,1
1998,ندارن,1
1999,تعجب,1
2000,پرسید,1
2001,ری,1
2002,استارت,1
2003,202,1
2004,40/,1
2005,119/,1
2006,ونتک,1
2007,HX,1
2008,-V,1
2009,2/,1
2010,440,1
2011,G5-E,1
2012,56/,1
2013,استادی,1
2014,انگلیس,1
2015,دیشب,1
2016,داشته_باشیم,1
2017,بتونیم,1
2018,بدیم,1
2019,چهارتا,1
2020,اخه,1
2021,سرسام,1
2022,آوره,1
2023,-DNAX,1
2024,108/,1
2025,4321,1
2026,486/,1
2027,اگر‌کیس,1
2028,بحثش,1
2029,جداست,1
2030,پنجاه,1
2031,کاملا,1
2032,بستگی,1
2033,میری,1
2034,همش,1
2035,بچه‌ها,1
2036,؟؟؟؟,1
2037,ممنون,1
2038,ریت,1
2039,واجبه,1
2040,خداییش,1
2041,کامپیوتراتونو,1
2042,بیاین,1
2043,ببرین,1
2044,گوش,1
2045,",ضرر",1
2046,نمیکنین,1
2047,ME,1
2048,086,1
2049,2013,1
2050,80/,1
2051,6NC-,1
2052,442/,1
2053,عه,1
2054,پشتش,1
2055,برق,1
2056,زنی,1
2057,هانی,1
2058,مغازه,1
2059,میزدیم,1
2060,نپرسیدم,1
2061,میکنتش,1
2062,میزش,1
2063,45,1
2064,!!!!,1
2065,وخت,1
2066,مقاومت,1
2067,میزنه,1
2068,یکیتون,1
2069,میاونه,1
2070,بگه,1
2071,کیبوردشو,1
2072,بابام,1
2073,گمش,1
2074,چیییکار,1
2075,هوشمند,1
2076,معنای,1
2077,امروزی,1
2078,فای,1
2079,اختراع,1
2080,مطمین,1
2081,کص,1
2082,نگو,1
2083,بیبی,1
2084,استیو,1
2085,جابزم,1
2086,تنه,1
2087,بیس,1
2088,قالبای,1
2089,گرافیکی,1
2090,گذاشت,1
2091,گیم,1
2092,کد,1
2093,=,1
2094,رساند,1
2095,33/,1
2096,GAMING,1
2097,COSTRO,1
2098,shop,1
2099,عکسه,1
2100,7NC,1
2101,261/,1
2102,شایدم,1
2103,یهو,1
2104,هیر,1
2105,ویر,1
2106,اثاث,1
2107,کشی,1
2108,توامان,1
2109,عجبم,1
2110,درد,1
2111,آدمو,1
2112,ناتوان,1
2113,نمی‌خواد,1
2114,اصطلاحاً,1
2115,می‌گن,1
2116,۱۹/۵,1
2117,اینچه,1
2118,آخرین,1
2119,نوش,1
2120,نو-یَش,1
2121,۱۲,1
2122,ناموجوده,1
2123,فروشگاه‌های,1
2124,6M,1
2125,CPU,1
2126,4400,1
2127,3.30,1
2128,GHz,1
2129,Ram,1
2130,4GB,1
2131,ly/3gYNf4U,1
2132,com/product/hp-,1
2133,d-all-in-one-desktop-core-i3-,1
2134,8130,1
2135,u-intel-uhd-graphics-,1
2136,620/,1
2137,#نسل_سوم,1
2138,ly/3fQTir0,1
2139,com/product/dell-optiplex-,1
2140,-all-in-one-all-in-one-core-i3-,1
2141,3220/,1
2142,com/bestlaptop4u/,1
2143,گیمرها|,1
2144,4گیگ|,1
2145,#ترون,1
2146,@BTSEcom,1
2147,ا,1
2148,#TRONICS,1
2149,BTSE,1
2150,$TRX,1
2151,#TRON,1
2152,سالهایی,1
2153,غار,1
2154,عجیبی,1
2155,#کامپیوتر_ال_این_وان,1
2156,-MS,1
2157,MOUSE,1
2158,۲۳,1
2159,بیو,1
2160,#فروش_ویژه,1
2161,#فروش_اقساطی,1
2162,#فروش_لپ_تاپ,1
2163,#خرید_اینترنتی…,1
2164,com/p/CCQFUSxhR8p/,1
2165,tv,1
2166,36,1
2167,nezq9ks…,1
2168,———————-,1
2169,لنو,1
2170,v,1
2171,یک…,1
2172,com/p/CCGSsaTotod/,1
2173,105,1
2174,ngtk,1
2175,nj5a…,1
2176,تاپ-مانیتور-کیس,1
2177,آماده,1
2178,دل|price,1
2179,list,1
2180,laptop&monitor,1
2181,//aparat,1
2182,com/v/sj5uU,1
2183,USB–,1
2184,MS,1
2185,قلمی,1
2186,AA,1
2187,Targus,1
2188,Rugged,1
2189,Tablet,1
2190,راگد,1
2191,Interactive,1
2192,Extreme,1
2193,Shell,1
2194,For,1
2195,مکس,1
2196,71,1
2197,ultrabook,1
2198,2in1,1
2199,1-,1
2200,دل|dell,1
2201,ابعاد,1
2202,207,1
2203,480,1
2204,642,1
2205,میلی‌متر,1
2206,وزن,1
2207,کیلوگرم,1
2208,حافظه…,1
2209,com/p/CBxUQYWpUR,1
2210,9/,1
2211,igshid=1iccjj6dqenoc…,1
2212,کیبرد,1
2213,G-C-V,1
2214,3550,1
2215,3450,1
2216,6400,1
2217,اینام,1
2218,سال‌هاست,1
2219,آنتنش,1
2220,اساساً,1
2221,نمی‌بینیم,1
2222,گاهی,1
2223,دی‌وی‌دی,1
2224,می‌بینیم,1
2225,درحال,1
2226,چهارم,1
2227,زارم,1
2228,توو,1
2229,شیپور,1
2230,نابود,1
2231,؟؟!,1
2232,دریک,1
2233,Desktop,1
2234,optiplex,1
2235,3070,1
2236,مشاهاده,1
2237,888,1
2238,00,1
2239,247,1
2240,com/p/CATKRKDAF-,1
2241,igshid=zgo,1
2242,orxb,1
2243,66,1
2244,d…,1
2245,کرمکی,1
2246,پارسال,1
2247,شکسته,1
2248,مهاجر,1
2249,باباش,1
2250,تعمیرکار,1
2251,افغانستان,1
2252,کفش,1
2253,بریده,1
2254,optiolex,1
2255,7070,1
2256,com/p/CADVfQ4AHp-/,1
2257,igshid=knuz1ms4yw8u…,1
2258,161,1
2259,GAT,1
2260,233/,1
2261,اندازه,1
2262,کافی,1
2263,سرو,1
2264,خواهش,1
2265,ازینم,1
2266,خوشگلتر,1
2267,#all_in_one…,1
2268,com/p/B_,1
2269,Zh9A,1
2270,h/,1
2271,igshid=1dqmzgl2x1euf…,1
2272,دودریک,1
2273,INSPIRON2,1
2274,بخر,1
2275,میدونه,1
2276,اداره,1
2277,9030,1
2278,#نسل_چهارم,1
2279,com/p/B_uJjj9gW,1
2280,igshid=1b8xbc3v4izf4…,1
2281,استعلام,1
2282,ویدئوکنفرانس,1
2283,ضمیمه,1
2284,//parsnamaddata,1
2285,com/tender/,1
2286,2347715/,1
2287,استعلام-دوربین-ویدئوکنفرانس-و-کامپیوتر-All-in-One--فایل-ضمیمه-حتما-مطالعه-شود,1
2288,هرکاریش,1
2289,بکنی,1
2290,نمیرسه,1
2291,کوچیک‌ترن,1
2292,آخه,1
2293,کمه,1
2294,خدایی,1
2295,خيلي,1
2296,بده,1
2297,ميكنه,1
2298,اشتباه,1
2299,يه,1
2300,i5گرفتم,1
2301,عاليه,1
2302,ولي,1
2303,نذاشتمش,1
2304,3581,1
2305,5583,1
2306,3576,1
2307,آندروید,1
2308,نصبی,1
2309,گوشیت,1
2310,بقیه‌اش,1
2311,toolbox,1
2312,ریاست,1
2313,جمهوری,1
2314,تلفن,1
2315,پاناسونیک,1
2316,سیستم‌عامل,1
2317,پیامرسان,1
2318,حمایت,1
2319,مهمتر,1
2320,امنیت,1
2321,آمریکا,1
2322,جوکی,1
2323,کدام‌ها,1
2324,ly/2wKLx4V,1
2325,G4,1
2326,161/,1
2327,مانیتوری,1
2328,چوبی,1
2329,2018,1
2330,جنس,1
2331,چوب,1
2332,فلز,1
2333,طول,1
2334,55,1
2335,عرض,1
2336,اعطای,1
2337,فروشگاه…,1
2338,com/p/B9NOqNrpdlt/,1
2339,igshid=aehgf,1
2340,a4rf8…,1
2341,هاشون,1
2342,زود,1
2343,کوچکی,1
2344,بازش,1
2345,کمی,1
2346,گردگیری,1
2347,لینوکس,1
2348,کردنش,1
2349,فرستادم,1
2350,اوکی,1
2351,آوردم,1
2352,آوردی,1
2353,ببر,1
2354,گهی,1
2355,بخورم,1
2356,۱۷,1
2357,پولشه,1
2358,تصویری,1
2359,الکامپ,1
2360,مشهد,1
2361,نظرات,1
2362,بازدیدکنندگان,1
2363,#مینی_پی_سی,1
2364,#مانیتور,1
2365,#زیروکلاینت,1
2366,#ساخت_ایران,1
2367,#تولید_ملی,1
2368,#Mini_Pc,1
2369,#Monitor,1
2370,#All_In-One,1
2371,کلیه,1
2372,#tablet,1
2373,#battery,1
2374,#adapter,1
2375,گلابی,1
2376,پیوندی,1
2377,پیوند,1
2378,خربزه,1
2379,جاهاییش,1
2380,خیار,1
2381,سیب,1
2382,خلاصه,1
2383,حاج,1
2384,ممد,1
2385,RTX,1
2386,2080,1
2387,شارژر,1
2388,ir/1jwb,1
2389,اقدام,1
2390,کامپیوتر‌,1
2391,پشتیبانی,1
2392,نهم,1
2393,پردازنده‌های,1
2394,SSD,1
2395,عریض‌ترین,1
2396,تولید‌شده,1
2397,4K,1
2398,داراست,1
2399,تینک,1
2400,90,1
2401,a,1
2402,الترابوک,1
2403,ir/1jv1,1
2404,باورنکردنی,1
2405,آدرس,1
2406,//TTRasta,1
2407,#ideacentre,1
2408,#فروشگاه,1
2409,#فروشگاهاینترنتی,1
2410,#تی_تی_رستا…,1
2411,com/p/B,1
2412,oWvEnI4Y/,1
2413,igshid=1li,1
2414,94,1
2415,uq0z,1
2416,03,1
2417,lu…,1
2418,جی,1
2419,پلاس,1
2420,متعلق,1
2421,@GoldiranGroup,1
2422,امشب,1
2423,مراسمی,1
2424,طیف,1
2425,گستره,1
2426,جدیدش,1
2427,اقتصادی,1
2428,۸۰۰,1
2429,حضور,1
2430,خش,1
2431,هماهنگی,1
2432,مرجوع,1
2433,بعدش,1
2434,دستشون,1
2435,واریز,1
2436,دوتا,1
2437,مشکلی,1
2438,موجب,1
2439,سوء,1
2440,برداشت,1
2441,نشه,1
2442,اره,1
2443,داو,1
2444,اماتور,1
2445,هاست,1
2446,ساکن,1
2447,استکبار,1
2448,هستی,1
2449,سوژه,1
2450,خواهر,1
2451,گرنه,1
2452,لوکس,1
2453,سهام,1
2454,عدالت,1
2455,بسته,1
2456,دندون,1
2457,یونیت,1
2458,اورده,1
2459,ساعتی,1
2460,450,1
2461,آقا,1
2462,۱۷۰,1
2463,خودتون,1
2464,۵۰,1
2465,نمیبره,1
2466,کارتون,1
2467,میگید,1
2468,I,1
2469,تستر,1
2470,مداربسته,1
2471,"لمسی,",1
2472,8900,1
2473,1800,1
2474,#Tester,1
2475,CCTV,1
2476,√…,1
2477,com/p/B5pqE9nDaCs/,1
2478,igshid=1t1cya9lvdlrm…,1
2479,شاهد,1
2480,چشمک,1
2481,افتادن,1
2482,عمودی,1
2483,افقی,1
2484,سیاه,1
2485,رنگی,1
2486,سوختگی,1
2487,پرش,1
2488,مواردی,1
2489,مدتها,1
2490,نشستم,1
2491,اسکرول,1
2492,بوکه,1
2493,حالیکه,1
2494,لنوویی,1
2495,یاد,1
2496,تیارا,1
2497,بخیر,1
2498,تاثیر,1
2499,بذاره,1
2500,دوستی,1
2501,پاساژ,1
2502,رضا,1
2503,آورده_بود,1
2504,قیمتاش,1
2505,ته,1
2506,دلتون,1
2507,فریاد,1
2508,پمپاژ,1
2509,آدرنالین,1
2510,عمق,1
2511,وجودتون,1
2512,ماجراجویی,1
2513,تجربه,1
2514,دریا,1
2515,رویاهاتون,1
2516,حقیقت,1
2517,حالا…,1
2518,com/p/B3ZtJcbAPHK/,1
2519,igshid=1ka3hnzsqzkm6…,1
2520,جداگونه,1
2521,گوشه,1
2522,جاساز,1
2523,مشکی,1
2524,سفید,1
2525,//kmgshop,1
2526,ir/product/,1
2527,843/,1
2528,زیر-مانیتوری-ALL-IN-ONE,1
2529,مدیرمون,1
2530,سراغ,1
2531,گیره,1
2532,بگردم,1
2533,معرفیش,1
2534,منظوره,1
2535,ICB,1
2536,ALL-IN-ONE,1
2537,همه‌منظوره,1
2538,خوشساخت,1
2539,QHD,1
2540,#روژسا,1
2541,#تهران,1
2542,#اصفهان,1
2543,#مشهد,1
2544,#شیراز,1
2545,#کرج,1
2546,#گیک,1
2547,#طراح,1
2548,#نرد,1
2549,#برنامه_نویس,1
2550,کور,1
2551,سون,1
2552,۲۵,1
2553,۸۵,1
2554,دمتون,1
2555,گرم,1
2556,ir/1elf,1
2557,دغدغه,1
2558,شهرستان,1
2559,#نمایندگی_DELL_تبریز,1
2560,#نمایندگی_لپ_تاپ_دل_در_تبریز,1
2561,#تعمیر_آل_این_وان_DELL_در_تبریز,1
2562,آموزش,1
2563,//vidfa,1
2564,rzb,1
2565,ir/post/,1
2566,1810/,1
2567,آموزش-تعمیر-فن-آل-این-وان-دل,1
2568,کاربره,1
2569,تماماً,1
2570,شده_است,1
2571,میتوانید,1
2572,نیازهای,1
2573,نماید,1
2574,تیلداکیش,1
2575,باشید…,1
2576,//tildakish,1
2577,com/product-detail,1
2578,id=8…,1
2579,help,1
2580,desk,1
2581,۴تا,1
2582,روشون,1
2583,ویژوال,1
2584,sql,1
2585,server,1
2586,بچه‌ام,1
2587,macbook,1
2588,i9,1
2589,bar,1
2590,بذارم,1
2591,book,1
2592,دختر,1
2593,پسر,1
2594,ماکروسافت,1
2595,پکیچ,1
2596,گذاشتن,1
2597,سختیه,1
2598,مزایا,1
2599,معایب,1
2600,net/news/,1
2601,2906,1
2602,it&utm_medium=twitter&utm_campaign=fafaitnet…,1
2603,ABB,1
2604,Comfort,1
2605,موبايل/,1
2606,/PC,1
2607,اپليكيشن,1
2608,رايگان,1
2609,*اتصال,1
2610,مستقيم,1
2611,اينترنت,1
2612,دريافت,1
2613,Valid,1
2614,IP,1
2615,تصوير,1
2616,واقعي,1
2617,فضا,1
2618,*كنترل,1
2619,برقراري,1
2620,رفاه,1
2621,امنيت…,1
2622,com/p/ByE5bjoFEDU/,1
2623,igshid=1ooyogmi5m6jt…,1
2624,تو‌کل,1
2625,جماعت,1
2626,آپدیتم,1
2627,منم,1
2628,اینقد,1
2629,وضع,1
2630,خرابه,1
2631,نمیتونه,1
2632,ُ,1
2633,درک,1
2634,عجیب,1
2635,محتوای,1
2636,ir/1b9u,1
2637,ly/2Ek,1
2638,331,1
2639,c,1
2640,Sony,1
2641,SRS-XB,1
2642,#قطعات_کامپیوتر,1
2643,#لوازم_جانبی_کامپیوتر,1
2644,#ram,1
2645,#cpu,1
2646,#motherboard,1
2647,#vga,1
2648,#کارت_گرافیک,1
2649,#اسپیکر,1
2650,#speaker,1
2651,دفترشون,1
2652,پیچ,1
2653,مون,1
2654,افته,1
2655,گم,1
2656,تهران,1
2657,نوعی,1
2658,کژی,1
2659,زشتی,1
2660,ارمغان,1
2661,میارن,1
2662,القا,1
2663,کنن,1
2664,پکیج,1
2665,مسجدهای,1
2666,دانشگاه,1
2667,۲۰۱۶,1
2668,دوست‌,1
2669,ساده‌ای,1
2670,B&Q,1
2671,معمول,1
2672,صدای,1
2673,hp-envy-all-in-one-,1
2674,-late-,1
2675,-review/…,1
2676,cctv,1
2677,وایرلس,1
2678,DVR,1
2679,پشتی,1
2680,بانی,1
2681,۶۴,1
2682,صدا,1
2683,سریع,1
2684,آسان,1
2685,مشاوره,1
2686,ما…,1
2687,com/p/BwnCP0UDR2o/,1
2688,utm_source=ig_twitter_share&igshid=1h1gr,1
2689,sxw3l2…,1
2690,پژواک,1
2691,مشاغل,1
2692,فروشنده,1
2693,//pejvakcomputer,1
2694,88783313,1
2695,88783479,1
2696,COCONUT,1
2697,1-درمان,1
2698,-uniqe-one-all-in-one-coconut/…,1
2699,#سلامتی,1
2700,#زیبایی,1
2701,#بهداشتی,1
2702,#اروندکالا,1
2703,#ماسک‌مو,1
2704,۴۰,1
2705,تحقیق,1
2706,متوجه,1
2707,شدیم,1
2708,Apple’s,1
2709,-inch,1
2710,5K,1
2711,انتخاب,1
2712,داشته_باشید,1
2713,متن,1
2714,best-all-in-one-computer/…,1
2715,چیه,1
2716,مکه,1
2717,Acer,1
2718,gl/vGArNq,1
2719,i7-,1
2720,7700,1
2721,NVIDIA,1
2722,940,1
2723,gl/q,1
2724,76,1
2725,pXf,1
2726,متاسفم‌واقعا,1
2727,منی,1
2728,‌سال,1
2729,وسط,1
2730,پایتخت,1
2731,هنوزه,1
2732,میبینم,1
2733,کرکم,1
2734,میریزه,1
2735,قیمتش,1
2736,کاراییش,1
2737,مناسبه,1
2738,۷۷.۵,1
2739,تومنه,1
2740,شرکتهای,1
2741,آنچنانی,1
2742,کارای,1
2743,سنگینشون,1
2744,میخرن,1
2745,جفتشون,1
2746,جوابگو,1
2747,ظاهر,1
2748,زباله,1
2749,دانی,1
2750,ریختن,1
2751,ارزش,1
2752,قویتر,1
2753,برداشتین,1
2754,computer,1
2755,کردین,1
2756,سیریسلی,1
2757,!؟,1
2758,EX,1
2759,i3-,1
2760,7100,1
2761,7400,1
2762,حداکثر,1
2763,630,1
2764,gl/NTG7xe,1
2765,gl/JW3pcY,1
2766,8250,1
2767,UHD,1
2768,gl/wMFmZQ,1
2769,خیییللللی,1
2770,سنگینه,1
2771,بدرد,1
2772,نمی‌خوره,1
2773,بگن,1
2774,حرفت,1
2775,درمجموع,1
2776,درسته,1
2777,مصداق,1
2778,نمی‌دونم,1
2779,انتخابهای,1
2780,زیادی,1
2781,بگیرن,1
2782,همچه,1
2783,هزینه‌های,1
2784,اضافی,1
2785,تونستن,1
2786,قسر,1
2787,برن,1
2788,ایشون,1
2789,میتونستن,1
2790,پیتزایی,1
2791,مقایسه,1
2792,بماند,1
2793,امثال,1
2794,رائفی,1
2795,پور,1
2796,غرب,1
2797,انقلابی,1
2798,مردمی,1
2799,نمیتابیم,1
2800,#آیمک,1
2801,#آمریکایی,1
2802,ادعای,1
2803,مبارزه,1
2804,سیاست,1
2805,کثیف,1
2806,#استعمار,1
2807,#جین_شارپ,1
2808,#حمایت_از_کالای_ایرانی,1
2809,#آمریکا,1
2810,کارتان,1
2811,گذاشته_اید,1
2812,مقداد,1
2813,مددی,1
2814,خبرگزاری,1
2815,تسنیم,1
2816,LOTUS,1
2817,FLOWER,1
2818,-درمان,1
2819,5-محافظت,1
2820,فیلتر,1
2821,UVA,1
2822,&UVB,1
2823,6-شانه,1
2824,موها,1
2825,وبسایت,1
2826,-uniqe-one-all-in-one-lotus-flower/…,1
2827,هوش,1
2828,مصنوعی,1
2829,تازگی,1
2830,Neural,1
2831,Compute,1
2832,Stick,1
2833,یادگیری,1
2834,ساخته_شده_است,1
2835,gl/Y6VVBN,1
2836,#بدون,1
2837,#iMac,1
2838,#MNEA2,1
2839,گزینه‌های,1
2840,سخت‌پسند,1
2841,MNEA2,1
2842,ir/r4ewb,1
2843,#بدون_کیس,1
2844,MNDY2,1
2845,ir/w5PKb,1
2846,نقص,1
2847,کون,1
2848,سوراخ,1
2849,عادی,1
2850,پایان,1
2851,مسواک,1
2852,اورال,1
2853,Expert,1
2854,برس,1
2855,متوسط,1
2856,42,1
2857,//link,1
2858,esara,1
2859,ir/eqslc,1
2860,#Oral_B,1
2861,#Pro_Expert,1
2862,#Medium,1
2863,#Tooth_Brush,1
2864,#مسواک#,1
2865,اورال_بی#برس_نرم,1
2866,#جدید,1
2867,#شارژ,1
2868,#بی_سیم,1
2869,هشتمی,1
2870,#اینتل,1
2871,گیگابایتی,1
2872,1050,1
2873,#انویدیا,1
2874,//atramart,1
2875,#یکپارچه,1
2876,#اسوس,1
2877,#شارژ_بی_سیم,1
2878,#آترا,1
2879,#آترامارت,1
2880,مسول,1
2881,درمانگاه,1
2882,تون,1
2883,کسخله,1
2884,ویزیت,1
2885,اجتماعی,1
2886,میبندید,1
2887,میکنید,1
2888,کسخلید,1
2889,شیفت,1
2890,میدید,1
2891,اینطوری,1
2892,ایشالا,1
2893,عا,1
2894,بهت,1
2895,عشق,1
2896,٫8,1
2897,چین,1
2898,#خبر,1
2899,#اخبار,1
2900,#فناوری,1
2901,#رونمایی,1
2902,#لنوو_AIO,1
2903,#لنوو_AIO_,1
2904,#کامپیوتر_همه_کاره,1
2905,#کامپیوتر_لنوو_AIO,1
2906,#news,1
2907,#Technology,1
2908,#Lenovo_AIO,1
2909,#itsabad,1
2910,#itsabadir,1
2911,#itsabadcom,1
2912,اوهوم,1
2913,کامپبوتر,1
2914,خصوصا,1
2915,حل,1
2916,ممکن,1
2917,باعث,1
2918,#آل_این_وان_دل,1
2919,#نمایندگی_دل,1
2920,net/product-category/accessories/…,1
2921,13.3,1
2922,Latitude,1
2923,5300,1
2924,ویژگی‌های,1
2925,تازه‌ای,1
2926,می‌برد,1
2927,ازحالت‌های,1
2928,کلیک,1
2929,net/%da%a9%d8%a7%d9%,1
2930,-%d8%a8%d8%a7-%d9%,1
2931,%d8%a7%d8%a8%d9%,1
2932,%db%8c%d8%aa-%da%,1
2933,%d8%b1%d8%ae%d8%b4-%d9%,1
2934,%d8%a7%db%8c%d8%b4%da%af%d8%b,1
2935,1/,1
2936,#مقالات,1
2937,//balonit,1
2938,route=product/product&product_id=,1
2939,305,1
2940,ماتریس,1
2941,ایرانه,1
2942,چندسالی,1
2943,جدیدا,1
2944,منشی,1
2945,اکسل,1
2946,ورد,1
2947,نمی‌تونست,1
2948,keyboard,1
2949,باسیم,1
2950,ورودی,1
2951,مقاوم,1
2952,نفوذ,1
2953,مایعات,1
2954,حروف,1
2955,حک,1
2956,فارسی,1
2957,اینتربزرگ,1
2958,KeyBoard,1
2959,5558,1
2960,1010,1
2961,4030,1
2962,1012,1
2963,#ThinkCentre,1
2964,23.8,1
2965,#نسل_ششم,1
2966,530,1
2967,com/p/B_4E4e3AFRg/,1
2968,igshid=1k4y3wcq0wb,1
2969,#آل,1
2970,#استوک,1
2971,اروپایی,1
2972,#All-in-One,1
2973,4…,1
2974,com/p/B_4EgD3g7-B/,1
2975,igshid=rkn6lutrcyzw…,1
2976,عبادت,1
2977,بنده,1
2978,شوق,1
2979,اطاعت,1
2980,گنه,1
2981,کنده,1
2982,بهار,1
2983,روح,1
2984,پیوستن,1
2985,شوکت,1
2986,زیبنده,1
2987,3263,1
2988,وکامپیوتر,1
2989,فشردگی,1
2990,شبیه,1
2991,محصولی…,1
2992,com/p/B-QBBk4gKa,1
2993,igshid=1wwhnzchkwwpj…,1
2994,#لپتاپ…,1
2995,com/p/B9_1SprgS-f/,1
2996,zxjo8cmpniv…,1
2997,#مقاله…,1
2998,محترم,1
2999,استان,1
3000,مربوط,1
3001,#نمایندگی_مجاز_ایسوس_در_اصفهان,1
3002,#نمایندگی_رسمی_ایسوس_اصفهان,1
3003,WL,1
3004,danakadeh,1
3005,irکامپیوتر-همه-کاره-,1
3006,-5-اینچی-لنوو-مدل-a,1
3007,wl/,1
3008,میرفت,1
3009,مچ,1
3010,نبودم,1
3011,ناجورم,1
3012,دوستم,1
3013,ریلودی,1
3014,دقیقه,1
3015,صبر,1
3016,می‌کردم,1
3017,فرانت,1
3018,اهمیت,1
3019,سایر,1
3020,شروع,1
3021,//lenovo,1
3022,zone/%D8%AA%D8%B9%D9%,1
3023,%DB%8C%D8%B1-%D9%,1
3024,-%D8%A2%D9%,1
3025,88/,1
3026,تولیدات,1
3027,#لپ_تاپ_لنوو,1
3028,#گوشی_های_لنوو,1
3029,#تبلت_لنوو,1
3030,#اولترابوک,1
3031,#آل_این_وان_های_لنوو,1
3032,#تعمیرات_لنوو,1
3033,#نمایندگی_فروش_لنوو,1
3034,ir/aveHq,1
3035,مجموعه,1
3036,خویش,1
3037,قادر,1
3038,پاسخگوی,1
3039,خریداران,1
3040,#تعمیر_لنوو,1
3041,ir/zFbjv,1
3042,دهندۀ,1
3043,سرور,1
3044,#نمایندگی_ایسوس,1
3045,#نمایندگی_تعمیرات_ایسوس,1
3046,ir/P7Hxn,1
3047,برگزاری,1
3048,آزمون‌ها,1
3049,آنالیزهای,1
3050,متعدد,1
3051,جمعی,1
3052,متخصص‌ترین,1
3053,زبده‌ترین,1
3054,گزینش,1
3055,فراخوانده,1
3056,#تعمير_دستگاه_کپي,1
3057,#تعميرات_دستگاه_کپي,1
3058,#تعميرات_دستگاه_فتوکپي,1
3059,ir/IaBy3,1
3060,مرکزی,1
3061,جانبی,1
3062,و…,1
3063,#تعمیرات_موبایل,1
3064,#تعمیر_موبایل,1
3065,#تعمیر_موبایل_ایسوس,1
3066,//asus,1
3067,center,1
3068,Laptop,1
3069,gl/p1UGH8,1
3070,#لپ_تاپ,1
3071,#سیستم,1
3072,#نوت_بوک,1
3073,#ایسر,1
3074,#lap_top,1
3075,#acer,1
3076,متخصصین,1
3077,می‌کنید,1
3078,میخوایم,1
3079,جایگزین,1
3080,دیگه‌ای,1
3081,بشنوم,1
3082,ترجیحا,1
3083,بازه,1
3084,com/Product/DKP-,1
3085,406740/,1
3086,%DA%A9%D8%A7%D9%,1
3087,%D9%BE%D9%8A%D9%,1
3088,%D8%AA%D8%B1-%D9%,1
3089,-%DA%A9%D8%A7%D8%B1%D9%,1
3090,-%D8%A7%D9%8A%D9%,1
3091,%DA%,1
3092,%D9%8A-%D8%A7%D9%8A%D8%B3%D9%,1
3093,%D8%AF%D9%,1
3094,-Vivo-V,1
3095,ICGT-A#,1
3096,/tab-techspecs/…,1
3097,%d8%aa%d8%b1-all-in-one-%d9%,1
3098,-vivo-v,1
3099,%d8%b3-%d8%b1%d9%,1
3100,%d8%a7%db%8c%db%8c-%d8%b4%d8%af/…,1
3101,2018:,1
3102,//gsm,1
3103,ir/news/show/,1
3104,40648/,1
3105,&utm_source=khabarkhan&utm_medium=khabarkhan&utm_campaign=Bahman…,1
3106,15.6,1
3107,4110,1
3108,//narsense,1
3109,com/Product/,1
3110,2007,1
3111,gl/LJP6bH,1
3112,#کامپیوتر_بدون_کیس,1
3113,#لپ_تاپ_msi,1
3114,#کامپیوتر_بدون_کیسmsi,1
3115,#سیستمmsi,1
3116,#All_in_one_ms,1
3117,ThinkSmart,1
3118,Hub,1
3119,500,1
3120,همایش,1
3121,2619.,1
3122,الایت,1
3123,۱۰۰۰,1
3124,//it-news,1
3125,ir/%d8%a7%da%,1
3126,-%d9%be%db%8c-%d8%a7%d8%b2-%d8%a2%d9%,1
3127,-%d8%a7%d9%,1
3128,%d8%a7%db%8c%d8%aa-%d9%,1
3129,-%db%b1%db%b0%db%b0%db%b0-%d8%a8%d8%a7-%d9%,1
3130,%d8%a7%d8%a,1
3131,%d8%aa%d8%b1-%d8%a8%d8%af%d9%,1
3132,-%da%a9%db%8c%d8%b3-%d8%a7%db%8c%d8%b3%d9%,1
3133,%d8%b3-zen-aio-pro-z,1
3134,ic/…,1
3135,it/Pl,1
3136,DC,1
3137,#کامپیوتر_دسکتاپ,1
3138,زیروکلاینت,1
3139,410,1
3140,//zeroclients,1
3141,ir/shop/%d9%,1
3142,%d8%ad%d8%b5%d9%,1
3143,%d8%a7%d8%aa/%d8%a7%d9%,1
3144,-%d8%b2%db%8c%d8%b1%d9%,1
3145,%da%a9%d9%,1
3146,%d8%a7%db%8c%d9%,1
3147,%d8%aa-%d8%a7%da%,1
3148,-%d9%be%db%8c-hp-t,1
3149,410/,1
3150,2535.,1
3151,has,1
3152,been,1
3153,published,1
3154,on,1
3155,//a-brand,1
3156,%d8%aa%d8%b1-%d8%a2%d9%,1
3157,-%d9%be%d8%a7%d9%,1
3158,-%d8%ac%d8%af%db%8c%d8%af-%d8%a7%da%,1
3159,-%d9%be%db%8c/…,1
3160,it/PDcTpG,1
3161,#رایانه,1
3162,it/PDZqSX,1
3163,gl/fb/1cmczl,1
3164,مایی,1
3165,ارادت,1
3166,اتفاقن,1
3167,بنظرت,1
3168,میخام,1
3169,DOSـه,1
3170,میتونم,1
3171,تقریبی,1
3172,۱۵۰۰,1
3173,یورویی,1
3174,tt/2o9aLBg,1
3175,#toranji,1
3176,#ترنجی,1
3177,مدرسه,1
3178,نیمی,1
3179,دانش,1
3180,آموزانش,1
3181,کمیته,1
3182,معلمانش,1
3183,تدریس,1
3184,نیازمند,1
3185,#آموزش_پرورش,1
3186,#زد_و_بند,1
3187,//irsfe,1
3188,inکامپیوتر-کاره-zen-aio-ایسوس-معرفی-شد/,1
3189,خمیده,1
3190,ir/bwm,1
3191,gl/hznH6O,1
3192,#فروش_آنلاین,1
3193,#bigbag,1
3194,#online_selling,1
3195,#فروشگاه_ینترنتی,1
3196,#بهترین_قیمت,1
3197,#ام_اس_ای,1
3198,gl/GzkekW,1
3199,كيس,1
3200,ir/news/,1
3201,928,1
3202,2016:,1
3203,اختصاصی,1
3204,it/LRhPl8,1
3205,Darionet,1
3206,in/fDKm7XV,1
3207,ly/1rmS6mb,1
3208,#زومیت,1
3209,//delphihelp,1
3210,34869,1
3211,بروز…,1
3212,tt/1W6JEnV,1
3213,me/YYY0HLJs,1
3214,//fineit,1
3215,25362,1
3216,sprout,1
3217,۲۱۹۹,1
3218,com/p/BAxywZ8G-Zh/,1
3219,568,1
3220,797,1
3221,b5d,1
3222,34,1
3223,23526854916,1
3224,LgFaT,1
3225,tt/1mGvSsQ,1
3226,//novinwebsite,1
3227,22350,1
3228,گیمر,1
3229,97046,1
3230,tt/1PKnqmg,1
3231,معمولاً,1
3232,رایانه…,1
3233,com/p/BAKSKQtm-ZR/,1
3234,me/4e2ZOJG6P,1
3235,vEgQn4U,1
3236,#مقاله_آی_تی,1
3237,معرفی…,1
3238,gl/fb/QELTUe,1
3239,ly/1PHTb1g,1
3240,MK,1
3241,452,1
3242,hLFxQR6,1
3243,کامپیو‌تر,1
3244,بی‌نظیر,1
3245,it/D0wLVd,1
3246,اعلامیه,1
3247,-آکا,1
3248,//mahdibiya,1
3249,com/academic/,1
3250,35912/,1
3251,%d8%a7%d8%b9%d9%,1
3252,%d8%b3-zen-%d8%a8%d9%,1
3253,-all-in-one-%d8%b1%d8%b3%db%8c%d8%af-%d8%a2%da%a9%d8%a7…,1
3254,پیکربندی,1
3255,//syncit,1
3256,ir/news/asus-zen-aio-pro-z,1
3257,ic-windows,1
3258,10/,1
3259,@syncit_ir,1
3260,#windows,1
3261,#ویندوز,1
3262,me/QOvr5GHn,1
3263,me/8OuDZzHRq,1
3264,شونده,1
3265,+عکس,1
3266,ly/1kEq5TR,1
3267,-صبحانه,1
3268,Home,1
3269,me/7xEEVvsNW,1
3270,YOGA,1
3271,gl/fb/fn,1
3272,37,1
3273,bV,1
3274,me/6Q1dzJkzx,1
3275,me/6Jzfl,1
3276,Jq,1
3277,//shadgame,1
3278,-%d8%a7%d8%b2-all-in-one-%d9%,1
3279,%d8%ae%d8%b5%d9%,1
3280,%d8%b5-%d8%b3%d8%b1%da%af%d8%b1%d9%,1
3281,%db%8c-%d8%b1%d9%,1
3282,%d8%a7%db%8c%db%8c-%da%a9%d8%b1%d8%af/…,1
3283,ly/1Fjd6uN,1
3284,#IFA,1
3285,2015/09/02/,1
3286,lenovo-pc-all-in-one-ideacentre-aio-,1
3287,-unveiled,1
3288,70158,1
3289,me/7qIaWtR9w,1
3290,me/6NrJeUAhY,1
3291,یکپارچه…,1
3292,gl/fb/ldbWK6,1
3293,بالاتر,1
3294,ببرد,1
3295,ir/1FTw0bn,1
3296,gl/fb/decp7b,1
3297,@rohoo,1
3298,دوستانی,1
3299,طلایی,1
3300,میخوان,1
3301,com/article/,1
3302,%D8%A2%D9%,1
3303,-%D8%AC%D8%AF%DB%8C%D8%AF-%D8%A7%DB%8C%D8%B3%D9%,1
3304,%D8%B1%D8%A7%D9%,1
3305,-%D8%A8%D8%A7-%D8%AF%D9%,1
3306,%D8%B1%D8%A8%DB%8C%D9%,1
3307,-%D8%B3%D9%,1
3308,۲۰۱۵,1
3309,yGeKnBX,1
3310,تاجی,1
3311,ly/1I4xRNJ,1
3312,//tajisoft,1
3313,بدنه,1
3314,پلاستیکی,1
3315,تزریق,1
3316,#ماتریکس,1
3317,asus-zen-aio,1
3318,me/7kmjrldeF,1
3319,it/B3F9ly,1
3320,me/6LDsXT6ye,1
3321,۶۶,1
3322,۶۶۵,1
3323,۵۹۹,1
3324,st/axt,1
3325,63,1
3326,n,1
3327,INTH,1
3328,ایی,1
3329,ان,1
3330,me/7W0KToJN1,1
3331,i7-8-1TB-2G,1
3332,Nvr5kog,1
3333,Idea,1
3334,740,1
3335,i7-8GB-1TB,1
3336,me/1LbMi0d6H,1
3337,Think,1
3338,Z-SAX,1
3339,me/3I4X,1
3340,NUT,1
3341,4310,1
3342,۱۰۰,1
3343,۷۴۹,1
3344,۶۴۹,1
3345,st/0OexLJ,1
3346,//dvbsat,1
3347,net/showthread,1
3348,t=,1
3349,3660,1
3350,&p=,1
3351,#post,1
3352,فلکس,1
3353,me/6uBugwkvw,1
3354,//shabakeh-mag,1
3355,com/content/,1
3356,273,1
3357,ly/1L9R4lP,1
3358,1620,1
3359,اسفند,1
3360,1393,1
3361,ماهنامه…,1
3362,gl/fb/Lk7cw1,1
3363,منظوره‌ی,1
3364,ly/1LVkWPN,1
3365,برترلینک,1
3366,com/mmko,1
3367,662,1
3368,bartarlink,1
3369,tt/1teZKyV,1
3370,tt/1zahs9x,1
3371,in/bV9eQpk,1
3372,سه‌,1
3373,ly/1xP4WIB,1
3374,دسک‌تاپ,1
3375,khodnevis,1
3376,org/article/,1
3377,62908,1
3378,VKva,1
3379,y2O2Z,1
3380,twitter…,1
3381,#تکنویس,1
3382,#خودنویس,1
3383,ly/2SX0QJ,1
3384,ly/2SWNPn,1
3385,ly/1DbYr7o,1
3386,cDPK,1
3387,me/1WsmMvCiD,1
3388,gl/GvSWEG,1
3389,ab,1
3390,083,1
3391,5450,1
3392,07546,1
3393,0867,1
3394,شروعی,1
3395,طوفانی,1
3396,امسال,1
3397,ly/1Axxn,1
3398,bVT7,1
3399,درخواست,1
3400,مین,1
3401,ae,1
3402,2420,1
3403,3d,1
3404,//irantk,1
3405,ir/irantk,1
3406,62457/,1
3407,amp;goto=newpost…,1
3408,ly/1HRMbXE,1
3409,فرارو,1
3410,از…,1
3411,gl/fb/6tzBhy,1
3412,iFxkClj,1
3413,549,1
3414,b,1
3415,85450,1
3416,07545,1
3417,ae1fb…,1
3418,باریکترین,1
3419,//sakhtafzarmag,1
3420,com/%D8%A7%D8%AE%D8%A8%D8%A7%D8%B1-%D9%,1
3421,%D8%A7%D8%AA/%D8%AF%D8%B3%DA%A9%D8%AA%D8%A7%D9%BE/,1
3422,2389/,1
3423,%D8%A8%D8%A7%D8%B1%DB%8C%DA%A9%D8%AA%D8%B1%DB%8C%D9%,1
3424,-%DA%A9%D8%A7%D9%,1
3425,%D9%BE%DB%8C%D9%,1
3426,%D8%AA%D8%B1-%D8%A8%D8%AF%D9%,1
3427,-%DA%A9%DB%8C%D8%B3-%D8%A7%DB%8C%D8%B3%D9%,1
3428,%D8%B3-%D8%A8%D9%,1
3429,-et,1
3430,%D8%B9%D8%B1%D9%,1
3431,%DB%8C-%D8%B4%D8%AF…,1
3432,العاده,1
3433,886,1
3434,in/duXW,1
3435,LED,1
3436,me/1UPrK3njU,1
3437,tt/1y3CHXu,1
3438,خ,1
3439,ly/1xFJQxh,1
3440,it/7bqtcY,1
3441,me/3cYtQY,1
3442,28,1
3443,q,1
3444,آشنا…,1
3445,gl/fb/hb,1
3446,rY,1
3447,it/7bqQDy,1
3448,547097885450,1
3449,e5db9…,1
3450,gl/fTDJxM,1
3451,54708,1
3452,dc,1
3453,15450,1
3454,5324,1
3455,me/3x4Rq2MqL,1
3456,ly/1v1wBal,1
3457,اسپراوت,1
3458,me/3nDZrZj3j,1
3459,74,1
3460,KYv5zS7,1
3461,me/6QdJDoC7q,1
3462,ly/1vyhPTp,1
3463,ک,1
3464,ly/1E4TNpD,1
3465,اسکن,1
3466,بعدی2,1
3467,gl/9BVoZV,1
3468,----------------------,1
3469,me/3vpgEndOC,1
3470,me/6La6mzmoa,1
3471,me/3epgvbP0d,1
3472,me/3QhxV4ZHU,1
3473,me/2LyduwcDO,1
3474,560,1
3475,me/4mXC7WcfN,1
3476,EDGE,1
3477,زد,1
3478,78,1
3479,pCMtaxe,1
3480,me/1dTLBe0lx,1
3481,جهان,1
3482,چن,1
3483,ly/WSFZgY,1
3484,me/6INDsRU2P,1
3485,tt/1s6jTFb,1
3486,برندی,1
3487,غول,1
3488,طرفدار,1
3489,هس,1
3490,ly/SWen9l,1
3491,دنبال,1
3492,موفقیتی,1
3493,me/2ml5bLbvU,1
3494,"جنیوس,All-in-One",1
3495,&,1
3496,Camera,1
3497,ترکیبی,1
3498,مکا,1
3499,ly/QVjntO,1
3500,asuscenter,1
3501,//1doost,1
3502,com/share/,1
3503,b4y2y2a,1
3504,4.,1
3505,htm…,1
3506,me/6umxkVNBa,1
3507,it/5RLFgR,1
3508,کارمندان,1
3509,it/5NdSYF,1
3510,@_Pirooz_,1
3511,کاریه,1
3512,۱.۵,1
3513,@bob_johnson,1
3514,قدیم,1
3515,IBM,1
3516,شرکتایی,1
3517,چک,1
3518,بکن,1
3519,ly/uF,1
3520,52,1
3521,#فیو,1
3522,ly/uEqJT,1
3523,داغون,1
3524,قدیمیمون,1
3525,بره,1
3526,جاش,1
3527,9467,1
3528,-review-aio-et,1
3529,-asus…,1
3530,tt/1hh7yHu,1
3531,me/6Oj6tL8mu,1
3532,gl/fb/FfOsQ,1
3533,ly/1jdayov,1
3534,ly/1jdaAN0,1
3535,tt/1gDJaQf,1
3536,tt/1fLMVAM,1
3537,مهمترین,1
3538,زندگی,1
3539,گیمری,1
3540,ly/1adzVFS,1
3541,خوشنام,1
3542,افزاری,1
3543,محص,1
3544,ly/1i,1
3545,UIs,1
3546,ly/KYqiz9,1
3547,Provider,1
3548,//shar,1
3549,es/9lqQK,1
3550,@sharethis,1
3551,اندروید,1
3552,2330,1
3553,2294,1
3554,cukOzyF,1
3555,com/mjhtoqb,1
3556,8049,1
3557,-asus-all-in-one-et,1
3558,igth…,1
3559,me/6ypt1zubW,1
3560,it/4Rj7bl,1
3561,ly/1eVX,1
3562,528,1
3563,me/6pY1zgJhT,1
3564,com/ohkhyv6,1
3565,ly/1cVzVqQ,1
3566,gxYm3,1
3567,gl/fb/3rcCp,1
3568,ly/1eVfn3A,1
3569,ارزان‌قیمت‌ترین,1
3570,داخلی,1
3571,ly/1k9gAoh,1
3572,نازک,1
3573,//youtube,1
3574,com/watch,1
3575,v=9dXIU0zKuD8…,1
3576,me/1ta1KuN,1
3577,حالته,1
3578,بیکار,1
3579,ننش,1
3580,com/nld3wfd,1
3581,Dy2L3lt,1
3582,پارسیان,1
3583,z8PRt,1
3584,//Par,1
3585,ian,1
3586,me/2Jn4bbHH5,1
3587,//pbdp,1
3588,co/msi-کامپيوتر-all-in-one-مخصوص-بازي-ag,1
3589,a-را-معرفي-نمود/,1
3590,gl/fb/rZKIe,1
3591,cNpJH,1
3592,xXdhRMC,1
3593,برترین,1
3594,me/1F,1
3595,d3SoZ,1
3596,otFZL,1
3597,gl/fb/LEcn0,1
3598,کامپیوتره,1
3599,IIxQ7,1
3600,gl/fb/fjc7J,1
3601,ruUVn,1
3602,gl/fb/FpJRH,1
3603,me/2glqHbdxI,1
3604,تایوانی,1
3605,UJ2IQ,1
3606,27:,1
3607,پردازشی,1
3608,قوت,1
3609,com/kjgn7xj,1
3610,me/2gwJYPyB9,1
3611,me/1Ppvhak1g,1
3612,تبلیغ,1
3613,بردار,1
3614,بسه,1
3615,شرکت‌های,1
3616,پیشرو,1
3617,معروف,1
3618,می‌باشد,1
3619,me/2npCsN,1
3620,776,1
3621,-T,1
3622,me/1QPp2EzEE,1
3623,گلپا,1
3624,تقریباً,1
3625,سازمان‌ها,1
3626,ادارات,1
3627,163,1
3628,sytH,1
3629,%d8%af,1
3630,2031,1
3631,1322,1
3632,kFE,1
3633,ترکیب,1
3634,اسلات,1
3635,خاطر,1
3636,ساختن,1
3637,افزارهای,1
3638,com/pqaqmq9,1
3639,Slate,1
3640,آندرویدی,1
3641,تگرا,1
3642,//post-pc,1
3643,8520,1
3644,برورسانی,1
3645,L8Vc7,1
3646,خلاقانه,1
3647,علاقه,1
3648,خاصی,1
3649,چند…,1
3650,gl/fb/xt5vi,1
3651,me/sHaRFlDq,1
3652,LIEyr6m,1
3653,يكپارچه,1
3654,q3ek8,1
3655,//erroronline,1
3656,1143/,1
3657,۲۱,1
3658,٫۵,1
3659,ب,1
3660,XMuO2,1
3661,IRITN,1
3662,ThinkCenter,1
3663,ly/ZXa7VK,1
3664,x0LxcMU,1
3665,P3k3Gl8,1
3666,ly/Ws2fgI,1
3667,gl/fb/0qAsL,1
3668,نبینه,1
3669,زدنش,1
3670,تبلتاپ,1
3671,شکستن,1
3672,مرز,1
3673,//newstech,1
3674,php/,1
3675,08,1
3676,44/855,1
3677,-horizon-tabletop-pc…,1
3678,ly/VvMPmu,1
3679,قابلی,1
3680,ly/ZuZ3RX,1
3681,@SKALANTER,1
3682,بدک,1
3683,اونا,1
3684,بنداز,1
3685,نوشتن,1
3686,ALL-in-One,1
3687,بزرگ‌ترین,1
3688,کنندگان,1
3689,me/2jHKE3j9l,1
3690,244,1
3691,bQO,1
3692,f,1
3693,me/1NxBg7i2n,1
3694,ly/ZwuxXA,1
3695,ly/U1c4hQ,1
3696,gl/fb/SYz8c,1
3697,zoomit,1
3698,Al,1
3699,ly/Svs3Xl,1
3700,gl/fb/Pe3KA,1
3701,gs/FZ6os,1
3702,مدتی,1
3703,شرکت‌ها,1
3704,Narenji,1
3705,MSi,1
3706,رسیده,1
3707,کامیپوتر,1
3708,ly/TgJfvm,1
3709,ly/TebOK6,1
3710,روميزي,1
3711,ويندوز,1
3712,رونمايي,1
3713,ly/SxbKES,1
3714,2300,1
3715,ly/Xeb4Z3,1
3716,شب,1
3717,5687800,1
3718,update,1
3719,5681342,1
3720,ارزان,1
3721,20:,1
3722,Pavili,1
3723,ly/QAGxhu,1
3724,مفت,1
3725,IFA,1
3726,gl/fb/Tjuh1,1
3727,۸:,1
3728,ly/SZI0DV,1
3729,me/1QGrvigdV,1
3730,gl/fb/KqTl0,1
3731,سیستم‌,1
3732,دیوار,1
3733,ly/OLYb0V,1
3734,کیس…,1
3735,gl/fb/x6G1H,1
3736,پرکاربرد,1
3737,هرماه,1
3738,زمینه‌های,1
3739,می‌نماید,1
3740,ly/PA5xoT,1
3741,آموز,1
3742,me/CVoJQuh5,1
3743,ir/%d8%b1%d9%,1
3744,%d8%a7%db%8c%db%8c-%d8%a7%d8%b2-%da%,1
3745,%d8%a7%d8%b1-all%e2%,1
3746,%acin%e2%,1
3747,%acone-%d8%ac%d8%af%db%8c%d8%af-%d8%a7%da%,1
3748,-%d9%be%db%8c-%d9%,1
3749,%d8%ac%d9%,1
3750,تصمیم,1
3751,کال,1
3752,com/7co8y,1
3753,67,1
3754,me/s/b4IZ2,1
3755,5807,1
3756,jjbwcTt,1
3757,gl/fb/wDy2x,1
3758,gl/fb/0OSUl,1
3759,gl/fb/X0sZh,1
3760,gs/zHk6t,1
3761,وبلاگ,1
3762,یاهوا,1
3763,me/1czKVfxFi,1
3764,سایت…,1
3765,gl/fb/APSMi,1
3766,ly/LaNiZS,1
3767,ly/PEh1gE,1
3768,ly/PEh,1
3769,38,1
3770,t,1
3771,ly/NBvS6m,1
3772,دِل,1
3773,اپی,1
3774,تونه,1
3775,حراج,1
3776,اپل/,1
3777,دیرو,1
3778,ly/Lj1n,1
3779,//,1
3780,۱۸.۴,1
3781,ly/LuyT9l,1
3782,me/s/9AmfM,1
3783,gl/fb/okpX9,1
3784,812,1
3785,me/1X1uEM1p1,1
3786,gl/fb/oCSU8,1
3787,۲۰,1
3788,٪,1
3789,اقساط,1
3790,//harooz,1
3791,com/t/buyex/,1
3792,96/,1
3793,خبر,1
3794,//is,1
3795,gd/fHwzJg,1
3796,me/1mjR7I2YO,1
3797,انجمن,1
3798,Hardware,1
3799,GO,1
3800,ly/Ai5tCR,1
3801,%d8%aa%d8%b1-all-in-one-%d8%a7%da%,1
3802,-%d9%be%db%8c-z1-%d9%,1
3803,%d8%b9%d8%b1%d9%,1
3804,%db%8c-%d8%b4%d8%af/…,1
3805,|خبر,1
3806,ir/sites/default/files/articl…,1
3807,ly/zqKh0W,1
3808,جدی,1
3809,ly/xZztpF,1
3810,4020,1
3811,ly/A,1
3812,AhO,1
3813,ly/xLWzJg,1
3814,ly/AhJDT7,1
3815,جشنواره,1
3816,پارچه,1
3817,بسیاری,1
3818,me/1p,1
3819,m5tsz,1
3820,com/3p,1
3821,bxk,1
3822,ly/r9LZ,1
3823,ام‌اس‌آی+,1
3824,عكس,1
3825,د,1
3826,ly/l8srVS,1
3827,ام‌اس‌آی,1
3828,com/3ty5gw4,1
3829,نوت‌بوک,1
3830,پردازنده‌ی,1
3831,Fusion,1
3832,gl/fb/Qqhx2,1
3833,3D,1
3834,//ff,1
3835,im/ppjmi,1
